日付,始値,高値,安値,終値
2022/4/27,127.244,128.589,126.926,128.418
2022/4/26,128.154,128.222,127.023,127.241
2022/4/25,128.459,128.864,127.514,128.13
2022/4/22,128.344,129.11,127.728,128.547
2022/4/21,127.896,128.706,127.804,128.355
2022/4/20,128.9,129.399,127.449,127.841
2022/4/19,126.977,128.971,126.968,128.893
2022/4/18,126.422,126.993,126.231,126.99
2022/4/15,125.869,126.681,125.833,126.35
2022/4/14,125.602,126.007,125.083,125.887
2022/4/13,125.319,126.319,125.313,125.665
2022/4/12,125.346,125.757,124.753,125.4
2022/4/11,124.226,125.769,124.186,125.39
2022/4/8,123.926,124.674,123.669,124.274
2022/4/7,123.754,124.002,123.47,123.969
2022/4/6,123.529,124.052,123.448,123.786
2022/4/5,122.783,123.667,122.367,123.601
2022/4/4,122.54,122.957,122.257,122.758
2022/4/1,121.642,123.037,121.637,122.559
2022/3/31,121.826,122.45,121.278,121.707
2022/3/30,122.861,123.206,121.309,121.823
2022/3/29,123.654,124.305,121.972,122.886
2022/3/28,122.031,125.092,122.014,123.919
2022/3/25,122.32,122.435,121.172,122.092
2022/3/24,121.139,122.411,120.953,122.352
2022/3/23,120.764,121.415,120.594,121.141
2022/3/22,119.459,121.03,119.432,120.816
2022/3/21,119.121,119.498,119.088,119.482
2022/3/18,118.58,119.4,118.469,119.152
2022/3/17,118.699,119.026,118.363,118.607
2022/3/16,118.274,119.123,118.175,118.761
2022/3/15,118.108,118.45,117.699,118.287
2022/3/14,117.323,118.217,117.304,118.195
2022/3/11,116.11,117.356,116.098,117.293
2022/3/10,115.822,116.196,115.801,116.135
2022/3/9,115.647,115.941,115.555,115.859
2022/3/8,115.267,115.788,115.236,115.661
2022/3/7,114.904,115.472,114.799,115.313
2022/3/4,115.459,115.555,114.645,114.85
2022/3/3,115.519,115.806,115.384,115.455
2022/3/2,114.87,115.685,114.793,115.511
2022/3/1,114.965,115.288,114.699,114.893
2022/2/28,115.222,115.754,114.857,114.963
2022/2/25,115.524,115.76,115.149,115.533
2022/2/24,114.972,115.695,114.407,115.529
2022/2/23,115.035,115.199,114.923,115.026
2022/2/22,114.728,115.241,114.499,115.074
2022/2/21,115.006,115.123,114.722,114.755
2022/2/18,114.882,115.299,114.788,115.04
2022/2/17,115.442,115.534,114.841,114.934
2022/2/16,115.576,115.788,115.346,115.446
2022/2/15,115.498,115.873,115.258,115.611
2022/2/14,115.33,115.747,115.009,115.544
2022/2/11,115.982,116.174,115.008,115.441
2022/2/10,115.511,116.337,115.482,116
2022/2/9,115.528,115.674,115.323,115.544
2022/2/8,115.072,115.625,115.051,115.549
2022/2/7,115.23,115.378,114.914,115.093
2022/2/4,114.937,115.428,114.774,115.191
2022/2/3,114.387,114.985,114.327,114.985
2022/2/2,114.653,114.802,114.152,114.429
2022/2/1,115.088,115.191,114.567,114.697
2022/1/31,115.272,115.591,114.923,115.123
2022/1/28,115.325,115.684,115.117,115.234
2022/1/27,114.596,115.488,114.474,115.37
2022/1/26,113.851,114.694,113.778,114.67
2022/1/25,113.924,114.157,113.67,113.852
2022/1/24,113.641,113.998,113.47,113.976
2022/1/21,114.1,114.145,113.605,113.692
2022/1/20,114.324,114.546,113.956,114.134
2022/1/19,114.59,114.788,114.207,114.312
2022/1/18,114.607,115.057,114.448,114.586
2022/1/17,114.132,114.649,114.12,114.608
2022/1/14,114.148,114.267,113.481,114.204
2022/1/13,114.618,114.705,114,114.166
2022/1/12,115.259,115.465,114.377,114.642
2022/1/11,115.164,115.678,115.125,115.29
2022/1/10,115.578,115.848,115.044,115.21
2022/1/7,115.829,116.048,115.532,115.557
2022/1/6,116.061,116.184,115.625,115.853
2022/1/5,116.103,116.242,115.621,116.112
2022/1/4,115.257,116.35,115.255,116.141
2022/1/3,115.051,115.365,114.949,115.35
2021/12/31,115.035,115.196,115.001,115.092
2021/12/30,114.931,115.207,114.92,115.072
2021/12/29,114.789,115.037,114.659,114.984
2021/12/28,114.838,114.949,114.708,114.819
2021/12/27,114.333,114.915,114.303,114.887
2021/12/24,114.366,114.511,114.282,114.302
2021/12/23,114.067,114.467,114.059,114.418
2021/12/22,114.104,114.369,113.95,114.118
2021/12/21,113.577,114.222,113.553,114.099
2021/12/20,113.581,113.73,113.322,113.626
2021/12/17,113.658,113.854,113.141,113.702
2021/12/16,114.001,114.248,113.561,113.693
2021/12/15,113.702,114.269,113.63,114.055
2021/12/14,113.551,113.758,113.429,113.754
2021/12/13,113.29,113.725,113.23,113.579
2021/12/10,113.422,113.788,113.222,113.383
2021/12/9,113.661,113.809,113.272,113.46
2021/12/8,113.533,113.953,113.312,113.699
2021/12/7,113.462,113.778,113.399,113.553
2021/12/6,112.839,113.552,112.822,113.498
2021/12/3,113.169,113.611,112.56,112.836
2021/12/2,112.727,113.33,112.676,113.188
2021/12/1,113.095,113.628,112.67,112.79
2021/11/30,113.573,113.891,112.533,113.139
2021/11/29,113.674,113.955,112.99,113.54
2021/11/26,115.315,115.363,113.047,113.352
2021/11/25,115.405,115.459,115.243,115.326
2021/11/24,115.115,115.517,114.825,115.418
2021/11/23,114.866,115.191,114.485,115.13
2021/11/22,113.93,114.959,113.911,114.864
2021/11/19,114.259,114.539,113.586,114.023
2021/11/18,114.043,114.484,113.877,114.245
2021/11/17,114.777,114.968,113.93,114.1
2021/11/16,114.1,114.847,114.057,114.822
2021/11/15,113.928,114.213,113.752,114.134
2021/11/12,114.032,114.299,113.757,113.923
2021/11/11,113.908,114.156,113.806,114.062
2021/11/10,112.87,114.008,112.773,113.903
2021/11/9,113.219,113.291,112.725,112.88
2021/11/8,113.312,113.665,113.076,113.222
2021/11/5,113.751,114.02,113.3,113.395
2021/11/4,113.958,114.277,113.503,113.754
2021/11/3,113.926,114.218,113.721,114.016
2021/11/2,113.974,114.134,113.461,113.952
2021/11/1,114.096,114.443,113.939,113.993
2021/10/29,113.556,114.095,113.393,113.963
2021/10/28,113.801,113.867,113.256,113.552
2021/10/27,114.098,114.221,113.389,113.825
2021/10/26,113.694,114.31,113.671,114.148
2021/10/25,113.538,113.922,113.437,113.719
2021/10/22,113.98,114.207,113.413,113.496
2021/10/21,114.274,114.413,113.645,114.016
2021/10/20,114.308,114.701,114.075,114.336
2021/10/19,114.297,114.398,113.881,114.389
2021/10/18,114.276,114.451,114.016,114.318
2021/10/15,113.662,114.463,113.625,114.258
2021/10/14,113.246,113.717,113.208,113.678
2021/10/13,113.558,113.803,113.229,113.254
2021/10/12,113.295,113.788,113,113.608
2021/10/11,112.215,113.413,112.175,113.327
2021/10/8,111.596,112.252,111.512,112.228
2021/10/7,111.401,111.65,111.23,111.637
2021/10/6,111.437,111.786,111.195,111.43
2021/10/5,110.906,111.562,110.87,111.457
2021/10/4,110.907,111.301,110.823,110.921
2021/10/1,111.257,111.484,110.901,111.069
2021/9/30,111.933,112.077,111.238,111.279
2021/9/29,111.449,112.047,111.207,111.981
2021/9/28,110.955,111.638,110.933,111.511
2021/9/27,110.658,111.065,110.534,111.011
2021/9/24,110.302,110.792,110.25,110.739
2021/9/23,109.723,110.347,109.719,110.329
2021/9/22,109.187,109.898,109.121,109.811
2021/9/21,109.351,109.706,109.176,109.216
2021/9/20,109.911,110.037,109.323,109.38
2021/9/17,109.697,110.079,109.666,109.975
2021/9/16,109.341,109.824,109.213,109.738
2021/9/15,109.661,109.746,109.11,109.372
2021/9/14,109.948,110.161,109.528,109.683
2021/9/13,109.818,110.156,109.806,110.008
2021/9/10,109.703,109.99,109.69,109.908
2021/9/9,110.211,110.276,109.617,109.736
2021/9/8,110.264,110.447,110.142,110.263
2021/9/7,109.808,110.319,109.688,110.288
2021/9/6,109.758,109.945,109.613,109.859
2021/9/3,109.917,110.071,109.588,109.703
2021/9/2,109.992,110.121,109.916,109.938
2021/9/1,109.994,110.419,109.88,110.046
2021/8/31,109.892,110.078,109.579,109.997
2021/8/30,109.841,109.961,109.703,109.931
2021/8/27,109.988,110.266,109.78,109.848
2021/8/26,109.951,110.228,109.926,110.074
2021/8/25,109.639,110.123,109.6,109.989
2021/8/24,109.634,109.881,109.414,109.684
2021/8/23,109.729,110.146,109.653,109.69
2021/8/20,109.716,109.885,109.571,109.791
2021/8/19,109.76,110.226,109.484,109.78
2021/8/18,109.515,110.068,109.48,109.764
2021/8/17,109.247,109.655,109.117,109.589
2021/8/16,109.62,109.743,109.107,109.267
2021/8/13,110.36,110.456,109.543,109.604
2021/8/12,110.39,110.547,110.316,110.431
2021/8/11,110.545,110.8,110.305,110.435
2021/8/10,110.307,110.598,110.278,110.579
2021/8/9,110.229,110.353,110.028,110.343
2021/8/6,109.745,110.355,109.699,110.224
2021/8/5,109.47,109.787,109.405,109.779
2021/8/4,109.02,109.673,108.721,109.478
2021/8/3,109.317,109.343,108.868,109.032
2021/8/2,109.602,109.771,109.18,109.321
2021/7/30,109.435,109.828,109.363,109.664
2021/7/29,109.896,109.948,109.42,109.488
2021/7/28,109.734,110.28,109.729,109.906
2021/7/27,110.359,110.388,109.582,109.81
2021/7/26,110.505,110.584,110.117,110.381
2021/7/23,110.111,110.593,110.08,110.538
2021/7/22,110.273,110.357,110.009,110.18
2021/7/21,109.849,110.386,109.794,110.287
2021/7/20,109.393,109.956,109.328,109.858
2021/7/19,110.012,110.093,109.064,109.453
2021/7/16,109.794,110.341,109.732,110.084
2021/7/15,109.94,110.089,109.712,109.83
2021/7/14,110.598,110.697,109.933,109.938
2021/7/13,110.338,110.646,110.198,110.641
2021/7/12,110.119,110.402,109.978,110.349
2021/7/9,109.72,110.257,109.701,110.1
2021/7/8,110.608,110.672,109.529,109.761
2021/7/7,110.577,110.813,110.395,110.624
2021/7/6,110.912,110.973,110.522,110.624
2021/7/5,110.98,111.187,110.795,110.976
2021/7/2,111.493,111.658,110.95,111.024
2021/7/1,111.105,111.639,111.027,111.531
2021/6/30,110.485,111.12,110.419,111.11
2021/6/29,110.576,110.757,110.432,110.547
2021/6/28,110.766,110.972,110.499,110.623
2021/6/25,110.801,110.982,110.477,110.781
2021/6/24,110.926,111.115,110.681,110.881
2021/6/23,110.602,111.1,110.59,110.961
2021/6/22,110.251,110.79,110.21,110.668
2021/6/21,110.197,110.35,109.709,110.321
2021/6/18,110.17,110.484,109.942,110.219
2021/6/17,110.642,110.822,110.158,110.236
2021/6/16,110.015,110.718,109.805,110.71
2021/6/15,110.055,110.167,109.986,110.065
2021/6/14,109.627,110.097,109.612,110.082
2021/6/11,109.314,109.84,109.299,109.672
2021/6/10,109.578,109.795,109.307,109.321
2021/6/9,109.489,109.656,109.224,109.63
2021/6/8,109.25,109.557,109.198,109.482
2021/6/7,109.476,109.637,109.187,109.25
2021/6/4,110.239,110.33,109.365,109.524
2021/6/3,109.503,110.321,109.498,110.308
2021/6/2,109.48,109.881,109.352,109.574
2021/6/1,109.525,109.708,109.331,109.496
2021/5/31,109.795,109.935,109.348,109.562
2021/5/28,109.75,110.201,109.74,109.872
2021/5/27,109.11,109.924,109.037,109.835
2021/5/26,108.733,109.178,108.723,109.132
2021/5/25,108.708,109.069,108.559,108.768
2021/5/24,108.9,108.995,108.695,108.769
2021/5/21,108.719,109.003,108.611,108.94
2021/5/20,109.165,109.307,108.748,108.788
2021/5/19,108.854,109.336,108.572,109.192
2021/5/18,109.154,109.282,108.826,108.903
2021/5/17,109.247,109.501,109.075,109.24
2021/5/14,109.405,109.654,109.178,109.367
2021/5/13,109.621,109.785,109.405,109.448
2021/5/12,108.543,109.683,108.539,109.683
2021/5/11,108.755,108.979,108.348,108.619
2021/5/10,108.61,109.056,108.459,108.844
2021/5/7,109.069,109.282,108.328,108.608
2021/5/6,109.175,109.427,108.999,109.083
2021/5/5,109.292,109.48,109.148,109.2
2021/5/4,109.04,109.486,109.017,109.293
2021/5/3,109.268,109.698,108.887,109.072
2021/4/30,108.922,109.343,108.711,109.331
2021/4/29,108.587,109.224,108.435,108.918
2021/4/28,108.684,109.077,108.563,108.622
2021/4/27,108.052,108.775,108.045,108.743
2021/4/26,107.923,108.199,107.643,108.094
2021/4/23,107.916,108.144,107.476,107.881
2021/4/22,108.055,108.233,107.813,107.973
2021/4/21,108.079,108.282,107.877,108.053
2021/4/20,108.128,108.549,107.971,108.088
2021/4/19,108.716,108.826,108.003,108.14
2021/4/16,108.687,108.966,108.602,108.793
2021/4/15,108.907,108.964,108.609,108.746
2021/4/14,109.051,109.09,108.744,108.933
2021/4/13,109.351,109.752,109.018,109.061
2021/4/12,109.649,109.77,109.247,109.398
2021/4/9,109.19,109.959,109.177,109.658
2021/4/8,109.8,109.903,108.991,109.265
2021/4/7,109.718,109.942,109.569,109.831
2021/4/6,110.11,110.552,109.668,109.739
2021/4/5,110.632,110.749,109.952,110.182
2021/4/2,110.557,110.747,110.373,110.648
2021/4/1,110.67,110.846,110.543,110.613
2021/3/31,110.32,110.966,110.272,110.705
2021/3/30,109.75,110.426,109.732,110.344
2021/3/29,109.702,109.845,109.36,109.839
2021/3/26,109.155,109.846,109.13,109.677
2021/3/25,108.72,109.238,108.701,109.186
2021/3/24,108.556,108.952,108.452,108.726
2021/3/23,108.796,108.872,108.405,108.592
2021/3/22,108.601,108.957,108.586,108.821
2021/3/19,108.884,109.121,108.608,108.884
2021/3/18,108.863,109.303,108.623,108.896
2021/3/17,108.957,109.326,108.741,108.856
2021/3/16,109.142,109.285,108.771,109.005
2021/3/15,108.969,109.363,108.913,109.129
2021/3/12,108.522,109.164,108.475,109.028
2021/3/11,108.376,108.813,108.354,108.501
2021/3/10,108.468,108.919,108.332,108.401
2021/3/9,108.84,109.234,108.414,108.499
2021/3/8,108.326,108.94,108.264,108.921
2021/3/5,107.95,108.645,107.82,108.382
2021/3/4,106.981,107.981,106.952,107.981
2021/3/3,106.66,107.154,106.651,107.013
2021/3/2,106.74,106.959,106.676,106.688
2021/3/1,106.502,106.889,106.365,106.766
2021/2/26,106.17,106.692,105.848,106.548
2021/2/25,105.856,106.394,105.775,106.244
2021/2/24,105.235,106.103,105.193,105.842
2021/2/23,105.057,105.418,104.921,105.266
2021/2/22,105.384,105.846,104.981,105.075
2021/2/19,105.683,105.741,105.239,105.423
2021/2/18,105.863,105.924,105.589,105.676
2021/2/17,105.995,106.225,105.773,105.866
2021/2/16,105.304,106.005,105.18,105.993
2021/2/15,104.89,105.415,104.878,105.368
2021/2/12,104.741,105.182,104.712,104.926
2021/2/11,104.579,104.802,104.551,104.737
2021/2/10,104.563,104.844,104.409,104.604
2021/2/9,105.217,105.264,104.5,104.573
2021/2/8,105.319,105.671,105.142,105.221
2021/2/5,105.534,105.767,105.334,105.385
2021/2/4,104.998,105.565,104.974,105.551
2021/2/3,104.955,105.103,104.923,105.029
2021/2/2,104.907,105.173,104.829,104.993
2021/2/1,104.75,105.034,104.609,104.947
2021/1/29,104.214,104.94,104.195,104.729
2021/1/28,104.116,104.461,104.031,104.255
2021/1/27,103.577,104.197,103.569,104.096
2021/1/26,103.73,103.829,103.549,103.617
2021/1/25,103.711,103.936,103.673,103.767
2021/1/22,103.487,103.887,103.464,103.771
2021/1/21,103.542,103.667,103.327,103.49
2021/1/20,103.913,103.936,103.441,103.546
2021/1/19,103.658,104.086,103.643,103.904
2021/1/18,103.798,103.932,103.636,103.688
2021/1/15,103.794,103.914,103.616,103.87
2021/1/14,103.846,104.196,103.559,103.791
2021/1/13,103.743,103.995,103.526,103.889
2021/1/12,104.2,104.332,103.713,103.748
2021/1/11,103.847,104.398,103.842,104.233
2021/1/8,103.784,104.092,103.604,103.966
2021/1/7,103.002,103.956,102.951,103.814
2021/1/6,102.717,103.443,102.593,103.07
2021/1/5,103.088,103.189,102.597,102.72
2021/1/4,103.07,103.317,102.713,103.154
2020/12/31,103.157,103.308,102.99,103.29
2020/12/30,103.535,103.576,102.96,103.212
2020/12/29,103.761,103.815,103.458,103.532
2020/12/28,103.501,103.9,103.405,103.792
2020/12/25,103.571,103.663,103.503,103.564
2020/12/24,103.538,103.766,103.5,103.619
2020/12/23,103.628,103.654,103.356,103.551
2020/12/22,103.32,103.733,103.281,103.603
2020/12/21,103.477,103.89,103.253,103.305
2020/12/18,103.106,103.594,103.064,103.313
2020/12/17,103.437,103.563,102.871,103.076
2020/12/16,103.659,103.915,103.262,103.419
2020/12/15,104.038,104.153,103.605,103.64
2020/12/14,103.815,104.103,103.511,104.015
2020/12/11,104.272,104.274,103.826,104.035
2020/12/10,104.173,104.578,104.152,104.221
2020/12/9,104.161,104.404,104.054,104.233
2020/12/8,104.043,104.209,103.955,104.157
2020/12/7,104.089,104.313,103.921,104.045
2020/12/4,103.849,104.245,103.74,104.187
2020/12/3,104.405,104.533,103.667,103.851
2020/12/2,104.294,104.752,104.218,104.414
2020/12/1,104.286,104.579,104.183,104.323
2020/11/30,104.027,104.409,103.834,104.351
2020/11/27,104.24,104.275,103.905,104.125
2020/11/26,104.455,104.48,104.213,104.253
2020/11/25,104.415,104.599,104.251,104.459
2020/11/24,104.463,104.761,104.147,104.449
2020/11/23,103.732,104.63,103.683,104.531
2020/11/20,103.74,103.911,103.701,103.835
2020/11/19,103.781,104.217,103.717,103.747
2020/11/18,104.2,104.2,103.65,103.793
2020/11/17,104.578,104.591,104.064,104.183
2020/11/16,104.684,105.131,104.365,104.565
2020/11/13,105.131,105.15,104.556,104.618
2020/11/12,105.471,105.479,105.069,105.124
2020/11/11,105.285,105.679,105.005,105.433
2020/11/10,105.316,105.487,104.819,105.239
2020/11/9,103.311,105.648,103.18,105.387
2020/11/6,103.455,103.756,103.176,103.37
2020/11/5,104.515,104.533,103.44,103.525
2020/11/4,104.466,105.333,104.15,104.504
2020/11/3,104.724,104.804,104.434,104.53
2020/11/2,104.507,104.948,104.464,104.757
2020/10/30,104.621,104.745,104.118,104.668
2020/10/29,104.306,104.726,104.025,104.617
2020/10/28,104.412,104.555,104.111,104.33
2020/10/27,104.834,104.889,104.387,104.442
2020/10/26,104.664,105.055,104.623,104.83
2020/10/23,104.847,104.938,104.546,104.715
2020/10/22,104.577,104.924,104.476,104.888
2020/10/21,105.471,105.525,104.333,104.586
2020/10/20,105.393,105.747,105.336,105.501
2020/10/19,105.349,105.5,105.3,105.429
2020/10/16,105.356,105.442,105.19,105.403
2020/10/15,105.128,105.493,105.041,105.415
2020/10/14,105.467,105.516,105.037,105.15
2020/10/13,105.267,105.628,105.241,105.478
2020/10/12,105.733,105.736,105.24,105.333
2020/10/9,106.016,106.04,105.576,105.628
2020/10/8,105.966,106.106,105.923,106.036
2020/10/7,105.595,106.106,105.592,105.978
2020/10/6,105.717,105.784,105.463,105.638
2020/10/5,105.471,105.794,105.396,105.735
2020/10/2,105.525,105.666,104.943,105.333
2020/10/1,105.465,105.725,105.399,105.562
2020/9/30,105.627,105.8,105.401,105.438
2020/9/29,105.5,105.733,105.343,105.683
2020/9/28,105.683,105.688,105.263,105.504
2020/9/25,105.394,105.698,105.239,105.549
2020/9/24,105.379,105.53,105.204,105.421
2020/9/23,104.926,105.49,104.831,105.359
2020/9/22,104.669,105.077,104.406,104.954
2020/9/21,104.548,104.882,104.001,104.67
2020/9/18,104.686,104.871,104.272,104.568
2020/9/17,104.921,105.17,104.524,104.729
2020/9/16,105.39,105.438,104.792,104.982
2020/9/15,105.693,105.814,105.301,105.448
2020/9/14,106.088,106.161,105.54,105.734
2020/9/11,106.124,106.255,106.059,106.15
2020/9/10,106.159,106.304,105.981,106.139
2020/9/9,106.015,106.273,105.79,106.184
2020/9/8,106.266,106.382,105.861,106.027
2020/9/7,106.23,106.384,106.133,106.286
2020/9/4,106.158,106.502,106.058,106.235
2020/9/3,106.136,106.551,106.004,106.177
2020/9/2,105.95,106.298,105.851,106.194
2020/9/1,105.901,106.144,105.593,105.955
2020/8/31,105.43,106.096,105.294,105.9
2020/8/28,106.547,106.946,105.194,105.345
2020/8/27,105.998,106.699,105.603,106.569
2020/8/26,106.35,106.555,105.956,105.984
2020/8/25,105.977,106.576,105.874,106.394
2020/8/24,105.752,105.996,105.684,105.988
2020/8/21,105.782,106.072,105.437,105.824
2020/8/20,106.122,106.216,105.746,105.791
2020/8/19,105.42,106.147,105.102,106.107
2020/8/18,105.987,106.068,105.277,105.398
2020/8/17,106.602,106.655,105.943,106.003
2020/8/14,106.904,107.039,106.434,106.573
2020/8/13,106.85,107.05,106.564,106.922
2020/8/12,106.498,107.015,106.442,106.874
2020/8/11,105.936,106.683,105.898,106.499
2020/8/10,105.884,106.201,105.708,105.965
2020/8/7,105.513,106.056,105.481,105.918
2020/8/6,105.526,105.697,105.299,105.529
2020/8/5,105.707,105.873,105.319,105.593
2020/8/4,105.966,106.196,105.638,105.735
2020/8/3,105.803,106.473,105.58,105.956
2020/7/31,104.72,106.053,104.19,105.931
2020/7/30,104.918,105.292,104.681,104.739
2020/7/29,105.054,105.243,104.766,104.945
2020/7/28,105.406,105.684,104.952,105.089
2020/7/27,106.032,106.056,105.114,105.376
2020/7/24,106.861,106.893,105.673,106.122
2020/7/23,107.163,107.225,106.711,106.868
2020/7/22,106.733,107.288,106.71,107.16
2020/7/21,107.222,107.365,106.681,106.808
2020/7/20,107.052,107.519,106.989,107.283
2020/7/17,107.251,107.361,106.933,107.021
2020/7/16,106.91,107.401,106.834,107.273
2020/7/15,107.242,107.308,106.667,106.941
2020/7/14,107.257,107.426,107.119,107.241
2020/7/13,106.876,107.318,106.787,107.288
2020/7/10,107.205,107.266,106.637,106.905
2020/7/9,107.252,107.398,107.092,107.202
2020/7/8,107.521,107.71,107.202,107.254
2020/7/7,107.329,107.789,107.245,107.536
2020/7/6,107.48,107.773,107.255,107.393
2020/7/3,107.514,107.568,107.436,107.485
2020/7/2,107.433,107.722,107.329,107.497
2020/7/1,107.944,108.163,107.356,107.455
2020/6/30,107.549,107.984,107.502,107.925
2020/6/29,107.1,107.884,107.04,107.569
2020/6/26,107.179,107.358,106.798,107.224
2020/6/25,107.045,107.451,106.921,107.172
2020/6/24,106.475,107.072,106.384,107.059
2020/6/23,106.868,107.221,106.072,106.534
2020/6/22,106.767,107.011,106.739,106.869
2020/6/19,106.983,107.058,106.767,106.878
2020/6/18,106.971,107.129,106.66,106.977
2020/6/17,107.304,107.441,106.953,107.002
2020/6/16,107.397,107.641,107.21,107.29
2020/6/15,107.359,107.573,106.993,107.354
2020/6/12,106.837,107.553,106.585,107.353
2020/6/11,107.08,107.234,106.568,106.862
2020/6/10,107.724,107.874,106.978,107.142
2020/6/9,108.4,108.547,107.612,107.743
2020/6/8,109.584,109.7,108.233,108.437
2020/6/5,109.147,109.851,109.029,109.586
2020/6/4,108.864,109.206,108.616,109.167
2020/6/3,108.656,108.983,108.422,108.925
2020/6/2,107.576,108.771,107.507,108.68
2020/6/1,107.696,107.854,107.37,107.581
2020/5/29,107.608,107.893,107.075,107.791
2020/5/28,107.71,107.9,107.566,107.616
2020/5/27,107.548,107.944,107.358,107.707
2020/5/26,107.711,107.923,107.4,107.54
2020/5/25,107.562,107.78,107.544,107.713
2020/5/22,107.638,107.763,107.324,107.612
2020/5/21,107.508,107.848,107.469,107.601
2020/5/20,107.633,107.983,107.336,107.548
2020/5/19,107.279,108.086,107.253,107.712
2020/5/18,107.111,107.505,107.07,107.304
2020/5/15,107.214,107.434,106.858,107.167
2020/5/14,107.015,107.364,106.776,107.235
2020/5/13,107.124,107.279,106.743,107.032
2020/5/12,107.61,107.694,107.123,107.147
2020/5/11,106.634,107.77,106.596,107.627
2020/5/8,106.268,106.75,106.222,106.688
2020/5/7,106.021,106.654,105.989,106.263
2020/5/6,106.484,106.615,105.983,106.091
2020/5/5,106.722,106.895,106.416,106.534
2020/5/4,106.796,107.068,106.634,106.724
2020/5/1,107.132,107.405,106.604,106.911
2020/4/30,106.613,107.499,106.406,107.165
2020/4/29,106.841,106.892,106.36,106.584
2020/4/28,107.236,107.339,106.559,106.865
2020/4/27,107.487,107.622,106.991,107.26
2020/4/24,107.611,107.757,107.371,107.493
2020/4/23,107.755,108.041,107.346,107.624
2020/4/22,107.688,107.936,107.515,107.729
2020/4/21,107.589,107.893,107.281,107.759
2020/4/20,107.537,107.949,107.47,107.634
2020/4/17,107.889,108.082,107.301,107.553
2020/4/16,107.374,108.083,107.166,107.862
2020/4/15,107.123,107.871,106.929,107.434
2020/4/14,107.736,107.758,106.981,107.212
2020/4/13,108.42,108.521,107.501,107.75
2020/4/10,108.433,108.586,108.322,108.437
2020/4/9,108.795,109.061,108.208,108.498
2020/4/8,108.772,109.102,108.504,108.85
2020/4/7,109.226,109.278,108.67,108.799
2020/4/6,108.408,109.381,108.384,109.205
2020/4/3,107.803,108.678,107.787,108.46
2020/4/2,107.123,108.094,106.993,107.863
2020/4/1,107.505,107.937,106.919,107.166
2020/3/31,107.753,108.73,107.458,107.506
2020/3/30,107.707,108.293,107.122,107.907
2020/3/27,109.618,109.65,107.747,107.979
2020/3/26,111.198,111.285,109.206,109.586
2020/3/25,111.332,111.682,110.752,111.202
2020/3/24,111.142,111.714,110.085,111.236
2020/3/23,110.79,111.593,109.662,111.251
2020/3/20,110.68,111.506,109.323,110.864
2020/3/19,107.926,110.953,107.843,110.608
2020/3/18,107.644,108.654,106.749,108.067
2020/3/17,105.882,107.861,105.828,107.622
2020/3/16,107.026,107.573,105.144,105.971
2020/3/13,104.649,108.504,104.485,108.012
2020/3/12,104.366,106.095,103.084,104.662
2020/3/11,105.534,105.568,104.087,104.472
2020/3/10,102.257,105.921,102.01,105.596
2020/3/9,104.433,104.601,101.171,102.424
2020/3/6,106.11,106.344,104.992,105.358
2020/3/5,107.514,107.736,105.958,106.139
2020/3/4,107.099,107.691,106.847,107.551
2020/3/3,108.295,108.534,106.929,107.105
2020/3/2,107.451,108.577,107.352,108.345
2020/2/28,109.576,109.68,107.507,108.062
2020/2/27,110.373,110.454,109.615,109.661
2020/2/26,110.156,110.703,110.128,110.412
2020/2/25,110.656,111.041,109.889,110.187
2020/2/24,111.262,111.682,110.333,110.722
2020/2/21,112.07,112.185,111.463,111.571
2020/2/20,111.317,112.224,111.112,112.107
2020/2/19,109.861,111.593,109.827,111.352
2020/2/18,109.833,109.947,109.659,109.878
2020/2/17,109.854,109.96,109.718,109.886
2020/2/14,109.788,109.913,109.699,109.782
2020/2/13,110.057,110.087,109.616,109.825
2020/2/12,109.782,110.134,109.753,110.11
2020/2/11,109.773,109.963,109.727,109.787
2020/2/10,109.672,109.879,109.562,109.77
2020/2/7,109.972,110.016,109.531,109.782
2020/2/6,109.796,110.002,109.697,109.987
2020/2/5,109.486,109.846,109.303,109.836
2020/2/4,108.676,109.544,108.548,109.52
2020/2/3,108.408,108.798,108.302,108.687
2020/1/31,108.924,109.134,108.31,108.355
2020/1/30,108.995,109.071,108.581,108.954
2020/1/29,109.139,109.258,108.977,109.04
2020/1/28,108.865,109.201,108.749,109.153
2020/1/27,108.898,109.135,108.733,108.899
2020/1/24,109.488,109.651,109.172,109.287
2020/1/23,109.837,109.853,109.265,109.478
2020/1/22,109.844,110.093,109.825,109.847
2020/1/21,110.175,110.221,109.759,109.863
2020/1/20,110.067,110.216,110.063,110.168
2020/1/17,110.145,110.288,110.049,110.17
2020/1/16,109.872,110.177,109.812,110.168
2020/1/15,109.954,110.01,109.787,109.908
2020/1/14,109.914,110.203,109.845,110.001
2020/1/13,109.522,109.946,109.482,109.939
2020/1/10,109.522,109.689,109.432,109.505
2020/1/9,109.046,109.582,109.01,109.519
2020/1/8,108.462,109.245,107.649,109.138
2020/1/7,108.338,108.627,108.26,108.482
2020/1/6,107.84,108.506,107.772,108.376
2020/1/3,108.546,108.632,107.842,108.116
2020/1/2,108.732,108.864,108.21,108.545
2019/12/31,108.87,108.879,108.47,108.65
2019/12/30,109.418,109.461,108.767,108.878
2019/12/27,109.552,109.592,109.388,109.466
2019/12/26,109.273,109.683,109.188,109.656
2019/12/25,109.371,109.411,109.339,109.391
2019/12/24,109.346,109.44,109.316,109.365
2019/12/23,109.411,109.537,109.339,109.373
2019/12/20,109.289,109.524,109.249,109.456
2019/12/19,109.523,109.682,109.179,109.358
2019/12/18,109.508,109.626,109.398,109.578
2019/12/17,109.543,109.634,109.442,109.496
2019/12/16,109.245,109.675,109.245,109.566
2019/12/13,109.399,109.704,109.206,109.353
2019/12/12,108.522,109.439,108.457,109.298
2019/12/11,108.728,108.853,108.463,108.56
2019/12/10,108.575,108.768,108.514,108.743
2019/12/9,108.619,108.676,108.428,108.552
2019/12/6,108.737,108.922,108.41,108.573
2019/12/5,108.851,108.996,108.655,108.75
2019/12/4,108.606,108.962,108.428,108.873
2019/12/3,108.963,109.206,108.483,108.628
2019/12/2,109.474,109.728,108.925,108.967
2019/11/29,109.501,109.667,109.397,109.47
2019/11/28,109.483,109.559,109.33,109.521
2019/11/27,109.005,109.61,108.978,109.549
2019/11/26,108.883,109.206,108.874,109.062
2019/11/25,108.677,108.976,108.591,108.917
2019/11/22,108.602,108.731,108.476,108.636
2019/11/21,108.548,108.688,108.277,108.609
2019/11/20,108.532,108.738,108.347,108.616
2019/11/19,108.662,108.836,108.452,108.54
2019/11/18,108.762,109.07,108.511,108.674
2019/11/15,108.36,108.855,108.335,108.791
2019/11/14,108.757,108.863,108.234,108.42
2019/11/13,108.988,109.149,108.655,108.809
2019/11/12,108.981,109.292,108.923,109.019
2019/11/11,109.172,109.255,108.895,109.042
2019/11/8,109.302,109.476,109.076,109.239
2019/11/7,108.944,109.489,108.649,109.269
2019/11/6,109.14,109.181,108.817,108.986
2019/11/5,108.591,109.242,108.492,109.162
2019/11/4,108.191,108.65,108.143,108.573
2019/11/1,108.023,108.325,107.887,108.153
2019/10/31,108.799,108.892,107.923,108.014
2019/10/30,108.87,109.285,108.72,108.855
2019/10/29,108.958,109.067,108.745,108.881
2019/10/28,108.702,109.041,108.657,108.975
2019/10/25,108.59,108.772,108.511,108.675
2019/10/24,108.668,108.75,108.491,108.639
2019/10/23,108.476,108.706,108.248,108.694
2019/10/22,108.602,108.729,108.441,108.482
2019/10/21,108.413,108.665,108.283,108.598
2019/10/18,108.63,108.719,108.384,108.415
2019/10/17,108.725,108.939,108.445,108.636
2019/10/16,108.842,108.862,108.56,108.761
2019/10/15,108.385,108.9,108.154,108.852
2019/10/14,108.366,108.522,108.029,108.398
2019/10/11,107.942,108.619,107.84,108.41
2019/10/10,107.45,108.008,107.035,107.93
2019/10/9,107.05,107.621,106.933,107.517
2019/10/8,107.248,107.442,106.8,107.072
2019/10/7,106.676,107.462,106.671,107.252
2019/10/4,106.907,107.134,106.547,106.914
2019/10/3,107.167,107.296,106.481,106.902
2019/10/2,107.733,107.891,107.048,107.178
2019/10/1,108.062,108.466,107.624,107.735
2019/9/30,107.97,108.178,107.742,108.084
2019/9/27,107.816,108.18,107.654,107.946
2019/9/26,107.747,107.959,107.425,107.843
2019/9/25,107.004,107.882,106.998,107.764
2019/9/24,107.539,107.789,106.959,107.105
2019/9/23,107.713,107.77,107.307,107.528
2019/9/20,107.944,108.085,107.51,107.551
2019/9/19,108.418,108.469,107.785,108.047
2019/9/18,108.107,108.478,108.044,108.46
2019/9/17,108.143,108.373,108.018,108.113
2019/9/16,107.714,108.166,107.495,108.154
2019/9/13,108.065,108.26,107.899,108.117
2019/9/12,107.791,108.189,107.52,108.086
2019/9/11,107.503,107.856,107.476,107.846
2019/9/10,107.236,107.583,107.175,107.538
2019/9/9,106.833,107.27,106.761,107.245
2019/9/6,106.922,107.102,106.621,106.916
2019/9/5,106.341,107.229,106.295,106.949
2019/9/4,105.941,106.437,105.831,106.425
2019/9/3,106.192,106.383,105.736,105.916
2019/9/2,105.957,106.4,105.902,106.192
2019/8/30,106.492,106.544,106.103,106.266
2019/8/29,106.045,106.681,105.827,106.52
2019/8/28,105.721,106.23,105.647,106.048
2019/8/27,106.127,106.155,105.591,105.753
2019/8/26,104.846,106.411,104.448,106.084
2019/8/23,106.399,106.735,105.254,105.394
2019/8/22,106.576,106.652,106.253,106.423
2019/8/21,106.253,106.645,106.19,106.613
2019/8/20,106.619,106.691,106.165,106.227
2019/8/19,106.279,106.7,106.247,106.619
2019/8/16,106.085,106.496,106.026,106.358
2019/8/15,105.852,106.77,105.702,106.079
2019/8/14,106.726,106.749,105.641,105.9
2019/8/13,105.268,106.978,105.065,106.74
2019/8/12,105.604,105.686,105.049,105.276
2019/8/9,105.796,106.07,105.267,105.659
2019/8/8,106.237,106.3,105.896,106.065
2019/8/7,106.386,106.468,105.494,106.245
2019/8/6,105.956,107.082,105.517,106.454
2019/8/5,106.525,106.683,105.784,105.996
2019/8/2,107.292,107.57,106.508,106.591
2019/8/1,108.695,109.313,107.252,107.377
2019/7/31,108.562,109,108.488,108.769
2019/7/30,108.768,108.948,108.449,108.609
2019/7/29,108.678,108.9,108.422,108.782
2019/7/26,108.635,108.83,108.557,108.673
2019/7/25,108.145,108.756,108.04,108.634
2019/7/24,108.179,108.275,107.936,108.199
2019/7/23,107.857,108.287,107.827,108.208
2019/7/22,107.702,108.067,107.662,107.871
2019/7/19,107.276,107.979,107.215,107.744
2019/7/18,107.957,108.015,107.211,107.302
2019/7/17,108.233,108.325,107.957,107.964
2019/7/16,107.877,108.377,107.812,108.256
2019/7/15,107.883,108.106,107.797,107.897
2019/7/12,108.479,108.608,107.804,107.891
2019/7/11,108.421,108.53,107.86,108.491
2019/7/10,108.809,108.989,108.346,108.467
2019/7/9,108.701,108.964,108.657,108.859
2019/7/8,108.43,108.803,108.278,108.734
2019/7/5,107.792,108.635,107.737,108.484
2019/7/4,107.756,107.843,107.705,107.794
2019/7/3,107.903,107.912,107.532,107.833
2019/7/2,108.432,108.472,107.765,107.913
2019/7/1,108.212,108.534,108.1,108.434
2019/6/28,107.776,107.927,107.561,107.926
2019/6/27,107.751,108.159,107.651,107.783
2019/6/26,107.163,107.85,107.1,107.774
2019/6/25,107.272,107.408,106.777,107.159
2019/6/24,107.281,107.535,107.244,107.297
2019/6/21,107.283,107.736,107.047,107.337
2019/6/20,108.079,108.145,107.213,107.317
2019/6/19,108.438,108.618,107.902,108.104
2019/6/18,108.53,108.675,108.053,108.429
2019/6/17,108.497,108.721,108.491,108.529
2019/6/14,108.351,108.587,108.138,108.542
2019/6/13,108.469,108.54,108.166,108.396
2019/6/12,108.517,108.565,108.218,108.51
2019/6/11,108.422,108.8,108.346,108.517
2019/6/10,108.461,108.714,108.312,108.461
2019/6/7,108.343,108.617,107.881,108.209
2019/6/6,108.436,108.563,108.027,108.392
2019/6/5,108.13,108.482,107.81,108.447
2019/6/4,108.059,108.356,107.845,108.14
2019/6/3,108.314,108.444,107.883,108.065
2019/5/31,109.586,109.621,108.272,108.315
2019/5/30,109.54,109.924,109.465,109.62
2019/5/29,109.364,109.697,109.148,109.593
2019/5/28,109.465,109.627,109.208,109.341
2019/5/27,109.303,109.583,109.269,109.528
2019/5/24,109.595,109.747,109.275,109.291
2019/5/23,110.285,110.363,109.452,109.595
2019/5/22,110.48,110.624,110.241,110.348
2019/5/21,110.061,110.673,110.019,110.475
2019/5/20,110.065,110.318,109.81,110.047
2019/5/17,109.845,110.182,109.495,110.039
2019/5/16,109.536,109.969,109.336,109.846
2019/5/15,109.601,109.703,109.155,109.585
2019/5/14,109.233,109.773,109.146,109.606
2019/5/13,109.777,109.825,109.014,109.306
2019/5/10,109.674,110.047,109.471,109.972
2019/5/9,110.077,110.11,109.468,109.775
2019/5/8,110.211,110.293,109.902,110.086
2019/5/7,110.666,110.852,110.168,110.243
2019/5/6,110.627,110.96,110.279,110.865
2019/5/3,111.486,111.688,111.07,111.106
2019/5/2,111.389,111.664,111.347,111.502
2019/5/1,111.402,111.614,111.039,111.385
2019/4/30,111.621,111.69,111.233,111.431
2019/4/29,111.56,111.901,111.527,111.63
2019/4/26,111.592,112.011,111.43,111.607
2019/4/25,112.123,112.236,111.353,111.627
2019/4/24,111.86,112.401,111.68,112.199
2019/4/23,111.926,112.035,111.651,111.867
2019/4/22,111.906,111.989,111.89,111.939
2019/4/19,111.918,112.006,111.879,111.919
2019/4/18,112.034,112.062,111.768,111.974
2019/4/17,111.997,112.164,111.919,112.081
2019/4/16,111.994,112.042,111.848,112.016
2019/4/15,111.98,112.094,111.888,112.043
2019/4/12,111.643,112.091,111.583,112.013
2019/4/11,110.952,111.694,110.891,111.665
2019/4/10,111.126,111.28,110.842,110.976
2019/4/9,111.497,111.577,110.977,111.161
2019/4/8,111.683,111.729,111.28,111.493
2019/4/5,111.661,111.823,111.527,111.714
2019/4/4,111.451,111.644,111.336,111.64
2019/4/3,111.317,111.576,111.21,111.49
2019/4/2,111.334,111.456,111.25,111.309
2019/4/1,110.869,111.441,110.806,111.342
2019/3/29,110.591,110.947,110.532,110.824
2019/3/28,110.464,110.83,110.012,110.685
2019/3/27,110.641,110.711,110.23,110.515
2019/3/26,109.925,110.691,109.902,110.641
2019/3/25,110.005,110.239,109.698,109.964
2019/3/22,110.784,110.895,109.743,109.944
2019/3/21,110.63,110.96,110.296,110.787
2019/3/20,111.377,111.695,110.533,110.714
2019/3/19,111.411,111.474,111.159,111.419
2019/3/18,111.46,111.628,111.298,111.424
2019/3/15,111.635,111.899,111.38,111.503
2019/3/14,111.134,111.831,111.132,111.673
2019/3/13,111.333,111.464,111.003,111.171
2019/3/12,111.153,111.467,111.11,111.321
2019/3/11,111.118,111.307,110.875,111.222
2019/3/8,111.536,111.65,110.748,111.162
2019/3/7,111.746,111.859,111.484,111.575
2019/3/6,111.861,111.923,111.617,111.766
2019/3/5,111.742,112.136,111.702,111.882
2019/3/4,111.85,112.013,111.64,111.73
2019/3/1,111.384,112.076,111.326,111.937
2019/2/28,110.983,111.492,110.66,111.374
2019/2/27,110.545,111.072,110.353,110.986
2019/2/26,111.013,111.075,110.422,110.592
2019/2/25,110.637,111.234,110.58,111.051
2019/2/22,110.632,110.903,110.559,110.661
2019/2/21,110.821,110.859,110.533,110.693
2019/2/20,110.528,110.947,110.519,110.87
2019/2/19,110.566,110.821,110.452,110.573
2019/2/18,110.411,110.647,110.411,110.601
2019/2/15,110.443,110.647,110.243,110.448
2019/2/14,110.977,111.127,110.459,110.526
2019/2/13,110.453,111.053,110.413,111.005
2019/2/12,110.339,110.652,110.338,110.478
2019/2/11,109.723,110.469,109.723,110.371
2019/2/8,109.792,109.895,109.645,109.745
2019/2/7,109.967,110.084,109.602,109.818
2019/2/6,109.917,110.05,109.557,109.973
2019/2/5,109.848,110.042,109.771,109.965
2019/2/4,109.498,110.163,109.433,109.892
2019/2/1,108.81,109.583,108.727,109.498
2019/1/31,109.014,109.067,108.496,108.876
2019/1/30,109.334,109.742,108.809,109.026
2019/1/29,109.324,109.543,109.128,109.356
2019/1/28,109.533,109.574,109.163,109.332
2019/1/25,109.617,109.949,109.453,109.556
2019/1/24,109.559,109.799,109.419,109.61
2019/1/23,109.351,109.996,109.312,109.599
2019/1/22,109.647,109.692,109.145,109.345
2019/1/21,109.67,109.778,109.473,109.667
2019/1/18,109.219,109.888,109.056,109.753
2019/1/17,109.061,109.405,108.684,109.24
2019/1/16,108.679,109.194,108.37,109.101
2019/1/15,108.158,108.764,108.115,108.694
2019/1/14,108.503,108.549,107.983,108.174
2019/1/11,108.419,108.598,108.146,108.557
2019/1/10,108.145,108.511,107.767,108.446
2019/1/9,108.724,109.001,107.975,108.128
2019/1/8,108.687,109.09,108.441,108.744
2019/1/7,108.496,108.745,108.019,108.694
2019/1/4,107.688,108.587,107.515,108.515
2019/1/3,108.817,108.842,104.008,107.659
2019/1/2,109.65,109.726,108.709,108.878
2018/12/31,110.247,110.475,109.556,109.603
2018/12/28,110.983,110.983,110.139,110.29
2018/12/27,111.316,111.341,110.457,110.977
2018/12/26,110.253,111.41,110.13,111.363
2018/12/25,110.422,110.446,109.97,110.005
2018/12/24,110.936,111.191,110.25,110.438
2018/12/21,111.22,111.458,110.934,111.206
2018/12/20,112.406,112.602,110.813,111.275
2018/12/19,112.509,112.662,112.085,112.434
2018/12/18,112.777,112.849,112.247,112.484
2018/12/17,113.329,113.52,112.682,112.839
2018/12/14,113.55,113.672,113.208,113.402
2018/12/13,113.242,113.706,113.198,113.606
2018/12/12,113.377,113.518,113.136,113.251
2018/12/11,113.258,113.464,113.007,113.392
2018/12/10,112.602,113.365,112.239,113.314
2018/12/7,112.69,112.928,112.556,112.684
2018/12/6,113.162,113.176,112.233,112.658
2018/12/5,112.754,113.241,112.65,113.168
2018/12/4,113.634,113.65,112.575,112.784
2018/12/3,113.664,113.819,113.373,113.606
2018/11/30,113.454,113.704,113.306,113.545
2018/11/29,113.618,113.659,113.187,113.463
2018/11/28,113.773,114.034,113.436,113.67
2018/11/27,113.564,113.844,113.414,113.784
2018/11/26,112.907,113.65,112.877,113.591
2018/11/23,112.923,113.011,112.663,112.907
2018/11/22,113.03,113.216,112.882,112.946
2018/11/21,112.743,113.149,112.645,113.048
2018/11/20,112.536,112.841,112.305,112.736
2018/11/19,112.722,112.872,112.42,112.546
2018/11/16,113.596,113.614,112.643,112.861
2018/11/15,113.556,113.704,113.096,113.62
2018/11/14,113.799,114.009,113.296,113.647
2018/11/13,113.836,114.143,113.575,113.817
2018/11/12,113.797,114.204,113.661,113.841
2018/11/9,114.052,114.061,113.641,113.826
2018/11/8,113.485,114.086,113.445,114.002
2018/11/7,113.397,113.816,112.943,113.573
2018/11/6,113.18,113.504,113.103,113.45
2018/11/5,113.149,113.335,113.075,113.196
2018/11/2,112.655,113.32,112.56,113.207
2018/11/1,112.908,113,112.607,112.696
2018/10/31,113.128,113.382,112.806,112.964
2018/10/30,112.356,113.035,112.306,113.025
2018/10/29,111.891,112.561,111.776,112.351
2018/10/26,112.424,112.441,111.378,111.892
2018/10/25,112.158,112.672,111.823,112.428
2018/10/24,112.425,112.741,112.092,112.226
2018/10/23,112.81,112.841,111.956,112.416
2018/10/22,112.524,112.883,112.349,112.791
2018/10/19,112.187,112.645,112.142,112.541
2018/10/18,112.695,112.726,111.942,112.184
2018/10/17,112.261,112.674,112.016,112.673
2018/10/16,111.783,112.335,111.732,112.269
2018/10/15,112.157,112.236,111.626,111.757
2018/10/12,112.153,112.495,111.881,112.214
2018/10/11,112.226,112.533,111.835,112.119
2018/10/10,112.961,113.284,112.287,112.296
2018/10/9,113.204,113.39,112.872,112.954
2018/10/8,113.742,113.94,112.822,113.217
2018/10/5,113.898,114.098,113.56,113.701
2018/10/4,114.45,114.547,113.635,113.934
2018/10/3,113.595,114.529,113.522,114.517
2018/10/2,113.957,114.016,113.53,113.685
2018/10/1,113.713,114.06,113.689,113.973
2018/9/28,113.387,113.712,113.311,113.694
2018/9/27,112.706,113.466,112.561,113.383
2018/9/26,112.951,113.132,112.624,112.736
2018/9/25,112.767,112.975,112.738,112.963
2018/9/24,112.512,112.832,112.434,112.809
2018/9/21,112.477,112.872,112.424,112.558
2018/9/20,112.252,112.583,112.043,112.496
2018/9/19,112.351,112.444,112.161,112.298
2018/9/18,111.833,112.387,111.665,112.361
2018/9/17,112.017,112.12,111.762,111.857
2018/9/14,111.9,112.165,111.755,112.046
2018/9/13,111.244,111.999,111.142,111.942
2018/9/12,111.576,111.647,111.108,111.25
2018/9/11,111.106,111.641,111.059,111.585
2018/9/10,111.028,111.246,110.852,111.123
2018/9/7,110.707,111.244,110.382,111.036
2018/9/6,111.485,111.527,110.511,110.714
2018/9/5,111.415,111.754,111.338,111.507
2018/9/4,111,111.531,110.903,111.47
2018/9/3,111.072,111.186,110.851,111.106
2018/8/31,110.996,111.129,110.686,111.107
2018/8/30,111.675,111.755,110.955,111.025
2018/8/29,111.19,111.825,111.098,111.667
2018/8/28,111.055,111.356,110.948,111.178
2018/8/27,111.284,111.346,110.937,111.045
2018/8/24,111.3,111.485,111.106,111.256
2018/8/23,110.552,111.313,110.51,111.275
2018/8/22,110.254,110.613,110.029,110.535
2018/8/21,110.071,110.544,109.775,110.193
2018/8/20,110.523,110.682,110.019,110.042
2018/8/17,110.85,111.049,110.317,110.521
2018/8/16,110.704,111.121,110.46,110.886
2018/8/15,111.136,111.429,110.433,110.745
2018/8/14,110.653,111.312,110.59,111.137
2018/8/13,110.54,110.935,110.111,110.707
2018/8/10,111.057,111.168,110.514,110.88
2018/8/9,110.952,111.182,110.709,111.061
2018/8/8,111.378,111.436,110.83,110.94
2018/8/7,111.402,111.477,110.994,111.371
2018/8/6,111.207,111.524,111.169,111.395
2018/8/3,111.626,111.867,111.101,111.262
2018/8/2,111.696,111.735,111.307,111.641
2018/8/1,111.81,112.149,111.39,111.721
2018/7/31,111.033,111.956,110.727,111.835
2018/7/30,110.943,111.163,110.892,111.04
2018/7/27,111.218,111.248,110.798,110.998
2018/7/26,111.024,111.249,110.591,111.218
2018/7/25,111.18,111.375,110.655,110.934
2018/7/24,111.312,111.511,110.962,111.195
2018/7/23,111.418,111.541,110.753,111.349
2018/7/20,112.418,112.62,111.382,111.445
2018/7/19,112.806,113.165,112.051,112.477
2018/7/18,112.863,113.135,112.704,112.822
2018/7/17,112.272,112.924,112.21,112.863
2018/7/16,112.308,112.56,112.222,112.266
2018/7/13,112.503,112.8,112.277,112.364
2018/7/12,111.94,112.623,111.918,112.509
2018/7/11,110.97,112.173,110.768,111.991
2018/7/10,110.793,111.351,110.792,111.08
2018/7/9,110.409,110.901,110.344,110.822
2018/7/6,110.608,110.783,110.378,110.479
2018/7/5,110.452,110.723,110.29,110.662
2018/7/4,110.546,110.621,110.28,110.488
2018/7/3,110.856,111.131,110.509,110.584
2018/7/2,110.649,111.06,110.605,110.865
2018/6/29,110.496,110.938,110.376,110.703
2018/6/28,110.21,110.648,109.967,110.481
2018/6/27,110.026,110.487,109.686,110.266
2018/6/26,109.753,110.207,109.371,110.039
2018/6/25,109.897,110.031,109.37,109.741
2018/6/22,109.908,110.216,109.796,109.985
2018/6/21,110.346,110.755,109.843,109.963
2018/6/20,110.067,110.449,109.856,110.352
2018/6/19,110.547,110.574,109.552,110.074
2018/6/18,110.668,110.668,110.302,110.539
2018/6/15,110.627,110.899,110.381,110.666
2018/6/14,110.357,110.691,109.913,110.614
2018/6/13,110.363,110.84,110.272,110.348
2018/6/12,110.019,110.493,109.944,110.365
2018/6/11,109.333,110.115,109.316,110.037
2018/6/8,109.67,109.849,109.194,109.536
2018/6/7,110.136,110.219,109.48,109.687
2018/6/6,109.768,110.263,109.768,110.192
2018/6/5,109.79,110.001,109.474,109.803
2018/6/4,109.468,109.852,109.364,109.806
2018/6/1,108.793,109.731,108.723,109.508
2018/5/31,108.849,109.002,108.388,108.846
2018/5/30,108.729,109.073,108.352,108.885
2018/5/29,109.4,109.466,108.113,108.702
2018/5/28,109.783,109.798,109.236,109.406
2018/5/25,109.252,109.742,109.122,109.445
2018/5/24,110.042,110.044,108.95,109.25
2018/5/23,110.872,110.918,109.557,110.085
2018/5/22,111.038,111.182,110.793,110.904
2018/5/21,110.843,111.393,110.822,111.032
2018/5/18,110.76,111.079,110.611,110.765
2018/5/17,110.335,110.86,110.068,110.748
2018/5/16,110.328,110.385,110.038,110.359
2018/5/15,109.678,110.453,109.649,110.36
2018/5/14,109.307,109.668,109.204,109.635
2018/5/11,109.337,109.566,109.154,109.362
2018/5/10,109.716,110.01,109.314,109.388
2018/5/9,109.112,109.831,108.998,109.717
2018/5/8,109.07,109.35,108.832,109.13
2018/5/7,109.091,109.395,108.75,109.077
2018/5/4,109.168,109.269,108.638,109.062
2018/5/3,109.819,109.88,108.928,109.187
2018/5/2,109.842,110.023,109.59,109.853
2018/5/1,109.298,109.888,109.22,109.842
2018/4/30,109.073,109.448,109.02,109.309
2018/4/27,109.273,109.535,108.972,109.083
2018/4/26,109.411,109.47,109.067,109.299
2018/4/25,108.819,109.454,108.772,109.417
2018/4/24,108.702,109.199,108.544,108.804
2018/4/23,107.757,108.753,107.659,108.686
2018/4/20,107.372,107.853,107.347,107.638
2018/4/19,107.21,107.515,107.175,107.35
2018/4/18,107.001,107.381,106.979,107.212
2018/4/17,107.112,107.207,106.88,107.001
2018/4/16,107.482,107.609,107.037,107.112
2018/4/13,107.324,107.777,107.202,107.343
2018/4/12,106.782,107.426,106.7,107.345
2018/4/11,107.195,107.245,106.642,106.792
2018/4/10,106.73,107.397,106.618,107.194
2018/4/9,106.908,107.201,106.617,106.744
2018/4/6,107.394,107.462,106.772,106.945
2018/4/5,106.751,107.492,106.704,107.379
2018/4/4,106.621,106.848,105.984,106.77
2018/4/3,105.838,106.658,105.686,106.609
2018/4/2,106.252,106.45,105.657,105.911
2018/3/30,106.416,106.539,106.116,106.263
2018/3/29,106.831,106.932,106.268,106.446
2018/3/28,105.336,107.01,105.319,106.853
2018/3/27,105.396,105.9,105.338,105.341
2018/3/26,104.617,105.482,104.607,105.401
2018/3/23,105.281,105.334,104.635,104.715
2018/3/22,106.032,106.087,105.255,105.278
2018/3/21,106.537,106.638,105.88,106.026
2018/3/20,106.015,106.605,105.928,106.522
2018/3/19,106.035,106.303,105.679,106.058
2018/3/16,106.311,106.36,105.594,106.011
2018/3/15,106.296,106.411,105.785,106.336
2018/3/14,106.542,106.745,106.061,106.316
2018/3/13,106.407,107.286,106.244,106.56
2018/3/12,106.784,106.971,106.306,106.412
2018/3/9,106.156,107.049,106.131,106.805
2018/3/8,106.021,106.313,105.894,106.167
2018/3/7,106.123,106.218,105.46,106.071
2018/3/6,106.157,106.462,105.847,106.116
2018/3/5,105.428,106.238,105.346,106.197
2018/3/2,106.256,106.292,105.247,105.723
2018/3/1,106.662,107.2,106.157,106.241
2018/2/28,107.334,107.527,106.565,106.7
2018/2/27,106.923,107.673,106.776,107.362
2018/2/26,107.17,107.17,106.378,106.956
2018/2/23,106.735,107.131,106.514,106.84
2018/2/22,107.72,107.772,106.595,106.755
2018/2/21,107.282,107.902,107.26,107.732
2018/2/20,106.58,107.374,106.556,107.315
2018/2/19,106.292,106.722,106.098,106.589
2018/2/16,106.119,106.396,105.551,106.284
2018/2/15,106.952,107.005,106.028,106.135
2018/2/14,107.781,107.891,106.717,107.01
2018/2/13,108.631,108.779,107.406,107.824
2018/2/12,108.805,108.889,108.429,108.642
2018/2/9,108.747,109.297,108.035,108.799
2018/2/8,109.38,109.783,108.58,108.718
2018/2/7,109.561,109.711,108.912,109.27
2018/2/6,109.126,109.65,108.457,109.583
2018/2/5,110.172,110.289,108.984,109.147
2018/2/2,109.386,110.475,109.267,110.16
2018/2/1,109.183,109.748,109.086,109.39
2018/1/31,108.769,109.446,108.598,109.21
2018/1/30,108.93,109.206,108.407,108.774
2018/1/29,108.671,109.201,108.501,108.956
2018/1/26,109.405,109.756,108.281,108.641
2018/1/25,109.156,109.701,108.496,109.413
2018/1/24,110.254,110.335,108.962,109.227
2018/1/23,110.913,111.175,110.249,110.276
2018/1/22,110.501,111.222,110.417,110.923
2018/1/19,111.068,111.127,110.491,110.821
2018/1/18,111.263,111.479,110.69,111.073
2018/1/17,110.476,111.338,110.194,111.331
2018/1/16,110.525,110.979,110.247,110.487
2018/1/15,111.061,111.185,110.317,110.521
2018/1/12,111.268,111.692,110.914,111.042
2018/1/11,111.422,111.876,111.044,111.275
2018/1/10,112.641,112.782,111.263,111.435
2018/1/9,113.099,113.178,112.364,112.638
2018/1/8,113.159,113.379,112.882,113.08
2018/1/5,112.729,113.298,112.713,113.056
2018/1/4,112.485,112.861,112.463,112.732
2018/1/3,112.309,112.607,112.172,112.502
2018/1/2,112.619,112.792,112.052,112.293
2017/12/29,112.862,112.967,112.474,112.682
2017/12/28,113.212,113.271,112.658,112.867
2017/12/27,113.183,113.379,113.15,113.332
2017/12/26,113.263,113.35,113.119,113.22
2017/12/25,113.215,113.351,113.198,113.29
2017/12/22,113.323,113.445,113.244,113.293
2017/12/21,113.388,113.635,113.201,113.31
2017/12/20,112.863,113.465,112.842,113.376
2017/12/19,112.548,113.079,112.512,112.884
2017/12/18,112.7,112.828,112.301,112.538
2017/12/15,112.371,112.743,112.028,112.609
2017/12/14,112.568,112.88,112.058,112.399
2017/12/13,113.488,113.575,112.453,112.52
2017/12/12,113.525,113.75,113.366,113.539
2017/12/11,113.515,113.69,113.24,113.552
2017/12/8,113.08,113.587,113.076,113.474
2017/12/7,112.253,113.157,112.217,113.091
2017/12/6,112.576,112.623,111.992,112.286
2017/12/5,112.412,112.863,112.377,112.566
2017/12/4,112.751,113.086,112.367,112.418
2017/12/1,112.535,112.875,111.403,112.176
2017/11/30,111.885,112.637,111.734,112.547
2017/11/29,111.446,112.151,111.325,111.953
2017/11/28,111.105,111.637,110.933,111.449
2017/11/27,111.461,111.69,110.841,111.079
2017/11/24,111.199,111.621,111.185,111.528
2017/11/23,111.205,111.379,111.066,111.197
2017/11/22,112.469,112.493,111.137,111.209
2017/11/21,112.625,112.702,112.173,112.435
2017/11/20,112.101,112.716,111.887,112.62
2017/11/17,113.035,113.145,111.945,112.169
2017/11/16,112.815,113.317,112.727,113.02
2017/11/15,113.443,113.494,112.472,112.862
2017/11/14,113.579,113.909,113.31,113.45
2017/11/13,113.446,113.714,113.246,113.617
2017/11/10,113.456,113.633,113.22,113.508
2017/11/9,113.832,114.067,113.091,113.448
2017/11/8,114.001,114.003,113.395,113.862
2017/11/7,113.708,114.339,113.697,113.975
2017/11/6,113.984,114.735,113.69,113.705
2017/11/3,114.076,114.437,113.631,114.08
2017/11/2,114.147,114.217,113.538,114.058
2017/11/1,113.632,114.279,113.602,114.148
2017/10/31,113.184,113.733,112.954,113.644
2017/10/30,113.685,113.834,113.016,113.173
2017/10/27,113.976,114.44,113.639,113.695
2017/10/26,113.695,114.075,113.343,114
2017/10/25,113.898,114.248,113.479,113.733
2017/10/24,113.418,114.014,113.25,113.932
2017/10/23,113.825,114.099,113.243,113.428
2017/10/20,112.54,113.569,112.515,113.507
2017/10/19,112.929,113.148,112.288,112.548
2017/10/18,112.173,113.049,112.135,112.925
2017/10/17,112.162,112.481,112.037,112.196
2017/10/16,111.862,112.29,111.644,112.198
2017/10/13,112.266,112.304,111.683,111.848
2017/10/12,112.44,112.522,112.127,112.285
2017/10/11,112.421,112.584,112.073,112.484
2017/10/10,112.645,112.825,111.988,112.434
2017/10/9,112.66,112.749,112.315,112.681
2017/10/6,112.803,113.439,112.596,112.653
2017/10/5,112.735,112.918,112.409,112.822
2017/10/4,112.843,112.928,112.318,112.734
2017/10/3,112.722,113.196,112.661,112.824
2017/10/2,112.473,113.058,112.446,112.713
2017/9/29,112.277,112.729,112.216,112.466
2017/9/28,112.78,113.209,112.249,112.334
2017/9/27,112.223,113.254,112.185,112.797
2017/9/26,111.709,112.469,111.493,112.219
2017/9/25,112.166,112.519,111.471,111.716
2017/9/22,112.48,112.555,111.651,111.976
2017/9/21,112.223,112.715,112.127,112.487
2017/9/20,111.55,112.529,111.046,112.153
2017/9/19,111.504,111.878,111.196,111.595
2017/9/18,111.103,111.666,110.993,111.596
2017/9/15,110.257,111.331,109.54,110.837
2017/9/14,110.476,111.038,110.057,110.264
2017/9/13,110.142,110.689,109.903,110.46
2017/9/12,109.384,110.253,109.233,110.172
2017/9/11,108.248,109.508,108.167,109.388
2017/9/8,108.457,108.485,107.318,107.83
2017/9/7,109.228,109.263,108.03,108.487
2017/9/6,108.689,109.394,108.455,109.199
2017/9/5,109.682,109.835,108.631,108.81
2017/9/4,109.638,109.922,109.385,109.675
2017/9/1,109.959,110.476,109.564,110.255
2017/8/31,110.232,110.668,109.883,109.953
2017/8/30,109.647,110.439,109.535,110.265
2017/8/29,108.974,109.903,108.262,109.656
2017/8/28,109.218,109.406,109.018,109.246
2017/8/25,109.533,109.834,109.114,109.319
2017/8/24,109.013,109.596,108.838,109.537
2017/8/23,109.543,109.823,108.899,109.022
2017/8/22,108.937,109.64,108.871,109.552
2017/8/21,109.27,109.421,108.638,108.957
2017/8/18,109.564,109.595,108.59,109.203
2017/8/17,110.18,110.369,109.448,109.559
2017/8/16,110.635,110.945,110.031,110.181
2017/8/15,109.64,110.847,109.601,110.665
2017/8/14,109.072,109.795,109.066,109.653
2017/8/11,109.161,109.392,108.731,109.145
2017/8/10,110.007,110.176,109.149,109.21
2017/8/9,110.341,110.36,109.545,110.046
2017/8/8,110.748,110.827,110.244,110.342
2017/8/7,110.739,110.917,110.646,110.732
2017/8/4,110.011,111.047,109.846,110.668
2017/8/3,110.701,110.827,109.847,110.016
2017/8/2,110.316,110.98,110.276,110.739
2017/8/1,110.24,110.585,109.916,110.369
2017/7/31,110.64,110.767,110.215,110.254
2017/7/28,111.236,111.333,110.539,110.728
2017/7/27,111.165,111.709,110.781,111.287
2017/7/26,111.898,112.186,111.055,111.134
2017/7/25,111.095,111.955,110.824,111.901
2017/7/24,111.148,111.309,110.624,111.109
2017/7/21,111.893,112.075,111.013,111.142
2017/7/20,111.895,112.417,111.484,111.865
2017/7/19,112.083,112.232,111.55,111.862
2017/7/18,112.612,112.682,111.687,112.07
2017/7/17,112.47,112.865,112.327,112.611
2017/7/14,113.286,113.571,112.267,112.519
2017/7/13,113.174,113.526,112.861,113.26
2017/7/12,113.904,113.971,112.929,113.169
2017/7/11,114.039,114.494,113.694,113.94
2017/7/10,114.021,114.3,113.908,114.027
2017/7/7,113.175,114.177,113.097,113.901
2017/7/6,113.264,113.465,112.879,113.199
2017/7/5,113.263,113.681,112.822,113.254
2017/7/4,113.421,113.443,112.733,113.271
2017/7/3,112.178,113.472,112.176,113.382
2017/6/30,112.154,112.6,111.724,112.409
2017/6/29,112.275,112.925,111.814,112.163
2017/6/28,112.283,112.413,111.83,112.318
2017/6/27,111.838,112.479,111.456,112.358
2017/6/26,111.238,111.942,111.19,111.861
2017/6/23,111.277,111.428,111.148,111.258
2017/6/22,111.364,111.447,110.946,111.309
2017/6/21,111.437,111.732,111.067,111.367
2017/6/20,111.53,111.778,111.307,111.452
2017/6/19,110.812,111.599,110.777,111.508
2017/6/16,110.888,111.415,110.642,110.855
2017/6/15,109.59,110.98,109.27,110.919
2017/6/14,110.026,110.343,108.776,109.529
2017/6/13,109.864,110.272,109.816,110.071
2017/6/12,110.396,110.442,109.633,109.929
2017/6/9,109.819,110.81,109.749,110.305
2017/6/8,109.813,110.379,109.373,109.988
2017/6/7,109.361,109.882,109.115,109.806
2017/6/6,110.459,110.526,109.225,109.401
2017/6/5,110.444,110.737,110.297,110.467
2017/6/2,111.356,111.711,110.329,110.456
2017/6/1,110.743,111.477,110.643,111.374
2017/5/31,110.808,111.213,110.476,110.752
2017/5/30,111.248,111.311,110.656,110.787
2017/5/29,111.284,111.468,111.159,111.252
2017/5/26,111.803,111.852,110.87,111.291
2017/5/25,111.504,111.95,111.493,111.83
2017/5/24,111.758,112.128,111.468,111.491
2017/5/23,111.251,111.855,110.843,111.785
2017/5/22,111.165,111.6,110.934,111.289
2017/5/19,111.473,111.694,111.042,111.262
2017/5/18,110.676,111.721,110.227,111.504
2017/5/17,113.077,113.128,110.851,110.851
2017/5/16,113.608,113.77,112.923,113.103
2017/5/15,113.216,113.847,113.191,113.749
2017/5/12,113.834,113.954,113.196,113.347
2017/5/11,114.329,114.366,113.45,113.849
2017/5/10,113.973,114.352,113.598,114.281
2017/5/9,113.231,114.324,113.132,113.975
2017/5/8,112.868,113.295,112.395,113.228
2017/5/5,112.471,112.803,112.089,112.721
2017/5/4,112.695,113.049,112.316,112.442
2017/5/3,111.991,112.762,111.948,112.748
2017/5/2,111.821,112.301,111.777,111.988
2017/5/1,111.385,111.929,111.192,111.81
2017/4/28,111.239,111.72,111.073,111.498
2017/4/27,111.061,111.598,111.015,111.221
2017/4/26,111.032,111.778,110.867,110.993
2017/4/25,109.72,111.188,109.58,111.122
2017/4/24,110.214,110.348,109.641,109.745
2017/4/21,109.302,109.424,108.883,109.153
2017/4/20,108.847,109.486,108.722,109.299
2017/4/19,108.438,109.183,108.376,108.846
2017/4/18,108.91,109.221,108.321,108.459
2017/4/17,108.698,109.052,108.132,108.893
2017/4/14,109.122,109.225,108.536,108.634
2017/4/13,109.024,109.389,108.725,109.082
2017/4/12,109.608,109.867,108.986,108.989
2017/4/11,110.878,110.916,109.567,109.6
2017/4/10,111.066,111.581,110.797,110.917
2017/4/7,110.794,111.364,110.083,111.085
2017/4/6,110.701,111.138,110.283,110.796
2017/4/5,110.742,111.461,110.539,110.698
2017/4/4,110.905,110.935,110.251,110.725
2017/4/3,111.383,111.587,110.844,110.889
2017/3/31,111.828,112.188,111.246,111.399
2017/3/30,111.002,111.929,110.936,111.928
2017/3/29,111.11,111.315,110.709,111.02
2017/3/28,110.652,111.2,110.174,111.177
2017/3/27,110.916,110.985,110.108,110.624
2017/3/24,110.927,111.481,110.62,111.262
2017/3/23,111.169,111.572,110.627,110.928
2017/3/22,111.705,111.799,110.722,111.132
2017/3/21,112.546,112.866,111.538,111.716
2017/3/20,112.608,112.897,112.451,112.542
2017/3/17,113.303,113.49,112.549,112.707
2017/3/16,113.355,113.547,112.896,113.267
2017/3/15,114.745,114.885,113.158,113.426
2017/3/14,114.884,115.195,114.518,114.754
2017/3/13,114.74,114.921,114.48,114.866
2017/3/10,114.878,115.505,114.646,114.804
2017/3/9,114.384,114.99,114.365,114.922
2017/3/8,113.971,114.752,113.606,114.38
2017/3/7,113.867,114.154,113.727,113.946
2017/3/6,113.906,114.132,113.538,113.896
2017/3/3,114.393,114.736,113.802,114.063
2017/3/2,113.741,114.588,113.673,114.361
2017/3/1,112.756,114.049,112.736,113.728
2017/2/28,112.7,112.893,111.691,112.726
2017/2/27,112.14,112.831,111.894,112.725
2017/2/24,112.628,112.957,111.928,112.14
2017/2/23,113.309,113.455,112.548,112.651
2017/2/22,113.645,113.733,112.892,113.318
2017/2/21,113.108,113.772,113.074,113.68
2017/2/20,112.864,113.236,112.792,113.115
2017/2/17,113.224,113.503,112.613,112.884
2017/2/16,114.139,114.303,113.088,113.253
2017/2/15,114.239,114.952,113.851,114.188
2017/2/14,113.743,114.494,113.241,114.262
2017/2/13,113.558,114.171,113.427,113.746
2017/2/10,113.253,113.854,112.842,113.21
2017/2/9,111.994,113.347,111.709,113.225
2017/2/8,112.396,112.541,111.623,111.944
2017/2/7,111.729,112.576,111.585,112.369
2017/2/6,112.461,112.778,111.625,111.69
2017/2/3,112.838,113.429,112.316,112.605
2017/2/2,113.221,113.364,112.05,112.802
2017/2/1,112.846,113.953,112.617,113.192
2017/1/31,113.766,113.959,112.08,112.828
2017/1/30,114.748,114.955,113.435,113.808
2017/1/27,114.587,115.376,114.384,115.08
2017/1/26,113.282,114.852,113.05,114.581
2017/1/25,113.795,114.002,113.017,113.251
2017/1/24,112.594,113.89,112.521,113.81
2017/1/23,114.295,114.422,112.687,112.723
2017/1/20,114.907,115.385,114.212,114.587
2017/1/19,114.534,115.622,114.384,114.845
2017/1/18,112.568,114.761,112.54,114.633
2017/1/17,114.153,114.282,112.601,112.613
2017/1/16,114.312,114.481,113.613,114.18
2017/1/13,114.676,115.444,114.164,114.494
2017/1/12,115.299,115.517,113.744,114.765
2017/1/11,115.73,116.868,114.228,115.407
2017/1/10,115.796,116.344,115.163,115.725
2017/1/9,116.999,117.528,115.947,116.094
2017/1/6,115.333,117.184,115.054,116.964
2017/1/5,117.259,117.429,115.195,115.329
2017/1/4,117.752,118.182,117.043,117.285
2017/1/3,117.419,118.605,117.205,117.756
2016/12/30,116.518,117.198,116.036,117.04
2016/12/29,117.101,117.156,116.23,116.578
2016/12/28,117.392,117.815,117.048,117.203
2016/12/27,117.071,117.616,117.026,117.425
2016/12/26,117.291,117.372,116.985,117.13
2016/12/23,117.512,117.614,117.176,117.36
2016/12/22,117.494,117.874,117.264,117.546
2016/12/21,117.904,118.069,117.092,117.546
2016/12/20,117.1,118.24,116.985,117.834
2016/12/19,117.927,117.964,116.543,117.137
2016/12/16,118.16,118.417,117.47,117.969
2016/12/15,117.075,118.662,116.992,118.22
2016/12/14,115.137,117.394,114.754,117.007
2016/12/13,114.915,115.472,114.727,115.148
2016/12/12,115.417,116.112,114.857,115.024
2016/12/9,114.016,115.369,113.995,115.258
2016/12/8,113.748,114.37,113.12,114.018
2016/12/7,114.018,114.398,113.413,113.758
2016/12/6,113.82,114.188,113.498,114.022
2016/12/5,113.274,114.778,112.849,113.878
2016/12/2,114.097,114.196,113.297,113.554
2016/12/1,114.44,114.829,113.822,114.078
2016/11/30,112.396,114.521,112.056,114.479
2016/11/29,111.904,113.341,111.622,112.366
2016/11/28,112.799,112.972,111.361,111.889
2016/11/25,113.32,113.901,112.538,113.019
2016/11/24,112.504,113.532,112.37,113.329
2016/11/23,111.095,112.974,110.852,112.536
2016/11/22,110.781,111.359,110.27,111.117
2016/11/21,110.896,111.362,110.446,110.771
2016/11/18,110.125,110.934,109.796,110.913
2016/11/17,109.03,110.18,108.552,110.111
2016/11/16,109.173,109.759,108.797,109.087
2016/11/15,108.422,109.335,107.773,109.179
2016/11/14,106.858,108.544,106.736,108.455
2016/11/11,106.807,106.932,106.032,106.676
2016/11/10,105.749,106.949,104.954,106.818
2016/11/9,105.209,105.887,101.189,105.687
2016/11/8,104.498,105.196,104.296,105.11
2016/11/7,104.041,104.631,103.676,104.535
2016/11/4,102.946,103.357,102.827,103.083
2016/11/3,103.321,103.44,102.522,102.96
2016/11/2,104.09,104.162,103.025,103.321
2016/11/1,104.824,105.116,103.79,104.145
2016/10/31,104.585,105.227,104.526,104.819
2016/10/28,105.216,105.534,104.464,104.791
2016/10/27,104.448,105.349,104.295,105.264
2016/10/26,104.209,104.616,104.02,104.478
2016/10/25,104.177,104.875,104.115,104.238
2016/10/24,103.832,104.321,103.721,104.169
2016/10/21,103.953,104.2,103.518,103.834
2016/10/20,103.437,104.106,103.337,103.957
2016/10/19,103.85,103.946,103.163,103.424
2016/10/18,103.865,104.195,103.681,103.86
2016/10/17,104.304,104.371,103.791,103.882
2016/10/14,103.685,104.474,103.602,104.174
2016/10/13,104.161,104.633,103.336,103.679
2016/10/12,103.492,104.481,103.275,104.181
2016/10/11,103.59,104.071,103.168,103.495
2016/10/10,103.127,103.786,102.791,103.613
2016/10/7,103.973,104.03,102.853,102.959
2016/10/6,103.503,104.157,103.343,103.95
2016/10/5,102.879,103.666,102.672,103.526
2016/10/4,101.607,102.969,101.559,102.884
2016/10/3,101.311,101.654,101.208,101.638
2016/9/30,101.002,101.773,100.743,101.377
2016/9/29,100.644,101.839,100.636,101.026
2016/9/28,100.368,100.817,100.261,100.682
2016/9/27,100.314,100.99,100.069,100.374
2016/9/26,100.991,101.077,100.25,100.294
2016/9/23,100.753,101.246,100.677,101.015
2016/9/22,100.302,100.928,100.096,100.76
2016/9/21,101.691,102.789,100.293,100.324
2016/9/20,101.896,102.061,101.537,101.727
2016/9/19,102.229,102.418,101.582,101.906
2016/9/16,102.059,102.464,101.724,102.281
2016/9/15,102.403,102.754,101.85,102.103
2016/9/14,102.551,103.353,102.246,102.414
2016/9/13,101.84,102.745,101.42,102.556
2016/9/12,102.529,102.66,101.559,101.837
2016/9/9,102.469,103.057,101.956,102.691
2016/9/8,101.745,102.595,101.406,102.474
2016/9/7,102.01,102.129,101.192,101.755
2016/9/6,103.416,103.806,101.92,101.993
2016/9/5,104.042,104.12,103.145,103.424
2016/9/2,103.2,104.323,102.799,104.023
2016/9/1,103.401,103.997,103.059,103.239
2016/8/31,102.974,103.532,102.858,103.427
2016/8/30,101.923,103.137,101.745,102.958
2016/8/29,101.906,102.398,101.828,101.877
2016/8/26,100.521,101.945,100.057,101.813
2016/8/25,100.402,100.615,100.302,100.53
2016/8/24,100.232,100.603,100.096,100.445
2016/8/23,100.295,100.39,99.94,100.229
2016/8/22,100.591,100.931,100.207,100.311
2016/8/19,99.88,100.457,99.866,100.171
2016/8/18,100.225,100.488,99.63,99.876
2016/8/17,100.275,101.164,100.027,100.242
2016/8/16,101.251,101.287,99.53,100.307
2016/8/15,101.256,101.454,100.864,101.233
2016/8/12,101.935,102.276,100.834,101.271
2016/8/11,101.085,102.053,101.022,101.942
2016/8/10,101.868,101.956,100.961,101.266
2016/8/9,102.408,102.532,101.793,101.87
2016/8/8,101.911,102.652,101.873,102.45
2016/8/5,101.205,102.063,100.864,101.798
2016/8/4,101.192,101.666,100.862,101.218
2016/8/3,100.868,101.567,100.74,101.246
2016/8/2,102.394,102.83,100.68,100.889
2016/8/1,102.161,102.687,102.084,102.413
2016/7/29,105.269,105.529,101.972,102.074
2016/7/28,105.393,105.505,104.488,105.321
2016/7/27,104.653,106.545,104.634,105.301
2016/7/26,105.81,105.889,103.983,104.604
2016/7/25,106.176,106.725,105.739,105.783
2016/7/22,105.813,106.398,105.556,106.206
2016/7/21,107.364,107.495,105.42,105.814
2016/7/20,106.094,107.017,105.833,106.881
2016/7/19,106.168,106.534,105.648,106.12
2016/7/18,105.462,106.262,105.265,106.166
2016/7/15,105.372,106.316,104.614,104.815
2016/7/14,104.418,105.939,103.965,105.392
2016/7/13,104.707,104.88,103.904,104.487
2016/7/12,102.789,104.983,102.446,104.662
2016/7/11,100.6,102.891,100.516,102.805
2016/7/8,100.752,101.259,99.92,100.532
2016/7/7,101.296,101.404,100.595,100.764
2016/7/6,101.714,101.762,100.185,101.29
2016/7/5,102.503,102.586,101.446,101.731
2016/7/4,102.631,102.803,102.414,102.516
2016/7/1,103.194,103.392,102.441,102.569
2016/6/30,102.884,103.292,102.357,103.233
2016/6/29,102.745,102.934,102.163,102.788
2016/6/28,101.979,102.841,101.55,102.762
2016/6/27,101.777,102.469,101.385,102.006
2016/6/24,106.345,106.797,97.424,102.246
2016/6/23,104.544,106.097,104.044,106.036
2016/6/22,104.745,104.849,104.317,104.433
2016/6/21,103.767,105.056,103.582,104.769
2016/6/20,104.705,104.841,103.772,103.929
2016/6/17,104.252,104.824,104.083,104.126
2016/6/16,106.009,106.015,103.533,104.221
2016/6/15,106.02,106.395,105.418,105.997
2016/6/14,106.167,106.413,105.62,106.077
2016/6/13,106.791,106.849,105.731,106.198
2016/6/10,107.052,107.258,106.556,106.91
2016/6/9,106.999,107.175,106.248,107.072
2016/6/8,107.361,107.382,106.591,106.98
2016/6/7,107.552,107.901,107.149,107.378
2016/6/6,106.466,107.654,106.415,107.529
2016/6/3,108.833,109.135,106.498,106.546
2016/6/2,109.524,109.584,108.523,108.87
2016/6/1,110.701,110.832,109.048,109.536
2016/5/31,111.123,111.347,110.504,110.719
2016/5/30,110.396,111.447,110.384,111.112
2016/5/27,109.752,110.449,109.476,110.303
2016/5/26,110.165,110.229,109.417,109.744
2016/5/25,109.943,110.448,109.866,110.206
2016/5/24,109.237,110.126,109.166,109.979
2016/5/23,110.122,110.231,109.112,109.234
2016/5/20,109.966,110.588,109.85,110.152
2016/5/19,110.181,110.384,109.695,109.955
2016/5/18,109.168,110.257,108.725,110.193
2016/5/17,109.025,109.65,108.835,109.105
2016/5/16,108.656,109.095,108.468,109.027
2016/5/13,109.03,109.537,108.512,108.615
2016/5/12,108.373,109.394,108.22,108.994
2016/5/11,109.25,109.369,108.355,108.4
2016/5/10,108.34,109.35,108.27,109.264
2016/5/9,107.229,108.601,107.125,108.292
2016/5/6,107.262,107.416,106.435,107.086
2016/5/5,106.976,107.502,106.804,107.261
2016/5/4,106.6,107.447,106.256,106.979
2016/5/3,106.417,106.682,105.516,106.662
2016/5/2,106.306,106.822,106.122,106.399
2016/4/29,108.109,108.199,106.269,106.305
2016/4/28,111.439,111.886,107.852,108.085
2016/4/27,111.297,111.735,111.031,111.489
2016/4/26,111.225,111.471,110.648,111.293
2016/4/25,111.784,111.8,110.834,111.186
2016/4/22,109.432,111.804,109.262,111.776
2016/4/21,109.802,109.897,109.325,109.462
2016/4/20,109.206,109.881,108.765,109.799
2016/4/19,108.766,109.489,108.764,109.221
2016/4/18,108.161,108.988,107.838,108.824
2016/4/15,109.391,109.735,108.595,108.771
2016/4/14,109.321,109.545,108.897,109.346
2016/4/13,108.533,109.405,108.504,109.357
2016/4/12,107.936,108.784,107.871,108.569
2016/4/11,108.064,108.437,107.629,107.955
2016/4/8,108.171,109.101,108.053,108.098
2016/4/7,109.784,109.889,107.617,108.233
2016/4/6,110.298,110.638,109.329,109.788
2016/4/5,111.279,111.349,109.952,110.276
2016/4/4,111.558,111.796,111.098,111.306
2016/4/1,112.57,112.587,111.583,111.606
2016/3/31,112.419,112.659,112.106,112.588
2016/3/30,112.659,112.805,112.004,112.412
2016/3/29,113.457,113.799,112.611,112.763
2016/3/28,113.298,113.688,113.151,113.455
2016/3/25,112.85,113.321,112.739,113.055
2016/3/24,112.361,113.007,112.285,112.858
2016/3/23,112.339,112.905,112.135,112.405
2016/3/22,111.943,112.489,111.381,112.345
2016/3/21,111.497,111.971,111.211,111.956
2016/3/18,111.39,111.761,110.82,111.541
2016/3/17,112.565,112.957,110.668,111.381
2016/3/16,113.142,113.819,112.328,112.566
2016/3/15,113.765,114.047,112.626,113.145
2016/3/14,113.906,114.003,113.51,113.782
2016/3/11,113.191,113.919,112.745,113.793
2016/3/10,113.363,114.444,112.613,113.159
2016/3/9,112.626,113.453,112.224,113.33
2016/3/8,113.418,113.523,112.425,112.629
2016/3/7,113.921,113.927,113.225,113.461
2016/3/4,113.661,114.257,113.117,113.777
2016/3/3,113.478,114.269,113.287,113.677
2016/3/2,114.117,114.551,113.216,113.448
2016/3/1,112.68,114.184,112.157,113.963
2016/2/29,113.936,113.976,112.642,112.658
2016/2/26,112.983,113.988,112.558,113.965
2016/2/25,112.184,113.024,111.895,112.959
2016/2/24,112.108,112.262,111.036,112.158
2016/2/23,112.865,113.05,111.77,112.114
2016/2/22,112.55,113.389,112.426,112.909
2016/2/19,113.241,113.381,112.307,112.565
2016/2/18,114.076,114.322,113.141,113.267
2016/2/17,114.059,114.508,113.371,114.075
2016/2/16,114.607,114.878,113.593,114.06
2016/2/15,113.391,114.731,113.271,114.587
2016/2/12,112.365,113.541,111.663,113.247
2016/2/11,113.371,113.603,110.917,112.379
2016/2/10,115.106,115.258,113.102,113.315
2016/2/9,115.809,115.833,114.199,115.124
2016/2/8,116.818,117.523,115.157,115.84
2016/2/5,116.772,117.427,116.227,116.838
2016/2/4,117.939,118.24,116.526,116.754
2016/2/3,119.944,120.042,117.022,117.831
2016/2/2,121.003,121.037,119.832,119.947
2016/2/1,121.323,121.489,120.667,120.948
2016/1/29,118.813,121.69,118.41,121.102
2016/1/28,118.663,118.991,118.416,118.802
2016/1/27,118.431,119.056,118.042,118.651
2016/1/26,118.292,118.618,117.659,118.424
2016/1/25,118.655,118.853,118.173,118.317
2016/1/22,117.761,118.871,117.536,118.765
2016/1/21,116.91,117.818,116.469,117.72
2016/1/20,117.654,117.682,115.962,116.944
2016/1/19,117.309,118.111,117.234,117.633
2016/1/18,116.689,117.438,116.676,117.304
2016/1/15,118.101,118.272,116.496,116.945
2016/1/14,117.65,118.281,117.296,118.053
2016/1/13,117.651,118.379,117.639,117.713
2016/1/12,117.799,118.072,117.229,117.64
2016/1/11,117.193,118.018,116.663,117.761
2016/1/8,117.616,118.769,117.301,117.436
2016/1/7,118.458,118.755,117.33,117.628
2016/1/6,119.02,119.165,118.25,118.493
2016/1/5,119.392,119.7,118.79,119.03
2016/1/4,120.181,120.464,118.688,119.416
2015/12/31,120.499,120.58,119.986,120.32
2015/12/30,120.433,120.653,120.351,120.508
2015/12/29,120.385,120.503,120.236,120.461
2015/12/28,120.14,120.627,120.09,120.377
2015/12/25,120.349,120.405,120.057,120.117
2015/12/24,120.907,120.983,120.241,120.404
2015/12/23,121.059,121.129,120.816,120.88
2015/12/22,121.163,121.306,120.714,121.081
2015/12/21,121.221,121.503,120.833,121.198
2015/12/18,122.478,123.483,121.055,121.24
2015/12/17,122.187,122.874,122.183,122.544
2015/12/16,121.674,122.421,121.368,122.23
2015/12/15,121.057,121.792,120.57,121.675
2015/12/14,121.181,121.354,120.34,120.964
2015/12/11,121.577,122.219,120.58,120.859
2015/12/10,121.473,121.865,121.241,121.608
2015/12/9,122.915,123.043,121.074,121.405
2015/12/8,123.359,123.393,122.722,122.961
2015/12/7,123.17,123.473,123.145,123.361
2015/12/4,122.561,123.377,122.478,123.115
2015/12/3,123.232,123.558,122.295,122.585
2015/12/2,122.848,123.672,122.827,123.214
2015/12/1,123.07,123.272,122.641,122.853
2015/11/30,122.804,123.338,122.688,123.079
2015/11/27,122.567,122.875,122.298,122.85
2015/11/26,122.707,122.742,122.502,122.64
2015/11/25,122.541,122.928,122.261,122.708
2015/11/24,122.84,122.958,122.306,122.544
2015/11/23,122.857,123.256,122.786,122.835
2015/11/20,122.873,123.051,122.725,122.829
2015/11/19,123.608,123.638,122.624,122.87
2015/11/18,123.447,123.727,123.222,123.587
2015/11/17,123.189,123.49,123.173,123.41
2015/11/16,122.208,123.278,122.199,123.178
2015/11/13,122.6,122.989,122.412,122.631
2015/11/12,122.85,123.07,122.545,122.586
2015/11/11,123.14,123.225,122.735,122.843
2015/11/10,123.163,123.434,123.029,123.177
2015/11/9,123.257,123.604,122.98,123.176
2015/11/6,121.742,123.268,121.634,123.134
2015/11/5,121.546,121.995,121.389,121.739
2015/11/4,121.081,121.715,120.993,121.53
2015/11/3,120.747,121.23,120.597,121.041
2015/11/2,120.329,120.808,120.258,120.748
2015/10/30,121.089,121.478,120.231,120.656
2015/10/29,120.996,121.18,120.59,121.093
2015/10/28,120.444,121.259,119.994,121.09
2015/10/27,121.076,121.076,120.163,120.454
2015/10/26,121.448,121.463,120.59,121.06
2015/10/23,120.671,121.473,120.223,121.468
2015/10/22,119.906,120.772,119.609,120.669
2015/10/21,119.855,120.091,119.749,119.928
2015/10/20,119.498,119.963,119.415,119.837
2015/10/19,119.317,119.605,119.131,119.489
2015/10/16,118.882,119.659,118.817,119.478
2015/10/15,118.83,119.164,118.065,118.864
2015/10/14,119.729,119.803,118.634,118.838
2015/10/13,120.004,120.08,119.544,119.72
2015/10/12,120.161,120.264,119.896,120.025
2015/10/9,119.906,120.347,119.838,120.209
2015/10/8,120.002,120.106,119.629,119.919
2015/10/7,120.197,120.357,119.717,119.994
2015/10/6,120.415,120.567,120.104,120.198
2015/10/5,119.985,120.548,119.873,120.453
2015/10/2,119.904,120.4,118.686,119.888
2015/10/1,119.813,120.275,119.493,119.909
2015/9/30,119.721,120.345,119.554,119.881
2015/9/29,119.885,120.16,119.249,119.734
2015/9/28,120.496,120.593,119.696,119.916
2015/9/25,120.259,121.237,120.015,120.489
2015/9/24,120.248,120.389,119.224,120.019
2015/9/23,120.113,120.545,119.615,120.264
2015/9/22,120.552,120.611,119.687,120.147
2015/9/21,120.082,120.658,119.728,120.532
2015/9/18,120.005,120.406,119.055,119.974
2015/9/17,120.567,120.988,119.794,119.994
2015/9/16,120.427,120.724,120.108,120.533
2015/9/15,120.195,120.651,119.394,120.386
2015/9/14,120.51,120.838,119.844,120.187
2015/9/11,120.638,120.97,120.352,120.61
2015/9/10,120.501,121.322,119.981,120.615
2015/9/9,119.829,121.199,119.8,120.509
2015/9/8,119.271,120.223,118.843,119.807
2015/9/7,118.957,119.592,118.801,119.278
2015/9/4,120.071,120.19,118.506,119.027
2015/9/3,120.32,120.7,119.632,120.07
2015/9/2,119.279,120.467,119.197,120.318
2015/9/1,121.22,121.257,119.172,119.322
2015/8/31,121.545,121.572,120.882,121.239
2015/8/28,120.988,121.583,120.654,121.581
2015/8/27,119.944,121.401,119.789,121.015
2015/8/26,118.83,120.01,118.438,119.946
2015/8/25,118.404,120.41,118.249,118.83
2015/8/24,121.953,122.014,115.927,118.438
2015/8/21,123.371,123.496,121.799,122.06
2015/8/20,123.807,124.153,123.327,123.394
2015/8/19,124.387,124.467,123.683,123.871
2015/8/18,124.368,124.511,124.181,124.388
2015/8/17,124.249,124.571,124.223,124.383
2015/8/14,124.435,124.53,124.064,124.317
2015/8/13,124.223,124.629,124.072,124.432
2015/8/12,125.117,125.278,123.796,124.216
2015/8/11,124.592,125.201,124.525,125.125
2015/8/10,124.214,124.781,124.21,124.598
2015/8/7,124.722,125.06,124.104,124.228
2015/8/6,124.826,124.96,124.541,124.721
2015/8/5,124.331,125.012,124.012,124.855
2015/8/4,124.007,124.399,123.803,124.342
2015/8/3,123.912,124.273,123.859,123.999
2015/7/31,124.137,124.373,123.524,123.941
2015/7/30,123.933,124.578,123.88,124.131
2015/7/29,123.572,124.017,123.33,123.921
2015/7/28,123.26,123.79,123.068,123.551
2015/7/27,123.719,123.836,122.998,123.232
2015/7/24,123.898,124.095,123.597,123.818
2015/7/23,123.948,124.183,123.68,123.878
2015/7/22,123.838,124.154,123.575,123.956
2015/7/21,124.301,124.474,123.756,123.886
2015/7/20,124.113,124.401,124.075,124.289
2015/7/17,124.123,124.229,123.898,124.059
2015/7/16,123.766,124.178,123.728,124.112
2015/7/15,123.375,123.97,123.264,123.782
2015/7/14,123.425,123.728,122.92,123.374
2015/7/13,122.515,123.532,122.417,123.437
2015/7/10,121.292,122.878,121.267,122.774
2015/7/9,120.688,121.575,120.468,121.324
2015/7/8,122.551,122.557,120.409,120.714
2015/7/7,122.557,122.88,122,122.589
2015/7/6,121.977,122.928,121.808,122.572
2015/7/3,123.046,123.182,122.594,122.897
2015/7/2,123.145,123.697,122.948,123.055
2015/7/1,122.455,123.237,122.342,123.153
2015/6/30,122.513,122.723,121.938,122.421
2015/6/29,122.611,123.194,122.086,122.532
2015/6/26,123.63,123.988,123.221,123.849
2015/6/25,123.876,123.959,123.314,123.618
2015/6/24,123.924,124.374,123.717,123.886
2015/6/23,123.36,124.182,123.331,123.925
2015/6/22,122.906,123.417,122.561,123.339
2015/6/19,122.936,123.218,122.55,122.682
2015/6/18,123.375,123.605,122.476,122.919
2015/6/17,123.352,124.439,123.215,123.42
2015/6/16,123.44,123.789,123.292,123.347
2015/6/15,123.196,123.662,123.183,123.374
2015/6/12,123.462,123.812,123.138,123.418
2015/6/11,122.717,124.128,122.621,123.427
2015/6/10,124.28,124.621,122.459,122.686
2015/6/9,124.509,124.735,123.859,124.318
2015/6/8,125.559,125.668,124.294,124.458
2015/6/5,124.36,125.848,124.343,125.584
2015/6/4,124.24,124.68,123.77,124.351
2015/6/3,124.117,124.678,123.793,124.219
2015/6/2,124.786,125.043,123.744,124.091
2015/6/1,124.104,124.916,123.86,124.802
2015/5/29,123.885,124.181,123.601,124.122
2015/5/28,123.649,124.45,123.498,123.94
2015/5/27,123.104,124.066,122.774,123.658
2015/5/26,121.512,123.318,121.5,123.107
2015/5/25,121.545,121.777,121.444,121.554
2015/5/22,121.024,121.573,120.643,121.552
2015/5/21,121.337,121.362,120.85,121.075
2015/5/20,120.693,121.46,120.575,121.296
2015/5/19,119.986,120.737,119.833,120.675
2015/5/18,119.361,120.033,119.329,119.968
2015/5/15,119.181,119.93,119.147,119.387
2015/5/14,119.137,119.336,118.889,119.193
2015/5/13,119.904,119.971,119.029,119.166
2015/5/12,120.103,120.274,119.792,119.865
2015/5/11,119.745,120.152,119.709,120.072
2015/5/8,119.674,120.233,119.598,119.732
2015/5/7,119.452,119.86,119.048,119.752
2015/5/6,119.831,120.046,119.199,119.459
2015/5/5,120.13,120.503,119.725,119.868
2015/5/4,120.195,120.274,119.99,120.14
2015/5/1,119.397,120.289,119.378,120.119
2015/4/30,119.071,119.895,118.497,119.393
2015/4/29,118.85,119.364,118.54,119.022
2015/4/28,119.028,119.195,118.776,118.887
2015/4/27,118.874,119.432,118.775,119.038
2015/4/24,119.56,119.66,118.831,119.002
2015/4/23,119.909,120.092,119.43,119.575
2015/4/22,119.664,119.959,119.346,119.856
2015/4/21,119.168,119.83,119.153,119.626
2015/4/20,118.901,119.434,118.535,119.194
2015/4/17,119.026,119.266,118.568,118.93
2015/4/16,119.116,119.471,118.796,118.932
2015/4/15,119.391,119.745,118.782,119.158
2015/4/14,120.102,120.179,119.07,119.413
2015/4/13,120.23,120.842,119.694,120.143
2015/4/10,120.574,120.629,120.052,120.317
2015/4/9,120.132,120.738,119.86,120.563
2015/4/8,120.295,120.358,119.635,120.115
2015/4/7,119.471,120.446,119.439,120.266
2015/4/6,118.822,119.678,118.794,119.485
2015/4/3,119.726,119.849,118.721,118.986
2015/4/2,119.695,119.893,119.449,119.729
2015/4/1,120.083,120.328,119.402,119.744
2015/3/31,120.134,120.357,119.777,120.071
2015/3/30,119.136,120.244,119.12,120.105
2015/3/27,119.166,119.489,118.925,119.15
2015/3/26,119.483,119.572,118.329,119.169
2015/3/25,119.741,119.83,119.214,119.47
2015/3/24,119.725,119.984,119.209,119.724
2015/3/23,119.8,120.164,119.587,119.695
2015/3/20,120.786,121.199,119.905,120.114
2015/3/19,120.049,121.035,119.672,120.773
2015/3/18,121.355,121.405,119.286,120.02
2015/3/17,121.363,121.515,121.065,121.368
2015/3/16,121.366,121.452,121.093,121.37
2015/3/13,121.257,121.571,121.134,121.435
2015/3/12,121.473,121.668,120.623,121.239
2015/3/11,121.149,121.625,120.854,121.424
2015/3/10,121.144,122.011,120.912,121.124
2015/3/9,120.772,121.399,120.611,121.142
2015/3/6,120.15,121.28,119.824,120.785
2015/3/5,119.67,120.421,119.62,120.12
2015/3/4,119.706,119.825,119.458,119.692
2015/3/3,120.142,120.264,119.376,119.724
2015/3/2,119.703,120.188,119.639,120.133
2015/2/27,119.364,119.795,119.108,119.552
2015/2/26,118.838,119.496,118.669,119.393
2015/2/25,118.929,119.065,118.624,118.85
2015/2/24,118.798,119.835,118.745,118.968
2015/2/23,119.05,119.352,118.73,118.778
2015/2/20,118.953,119.187,118.272,119.045
2015/2/19,118.689,119.181,118.432,118.922
2015/2/18,119.231,119.412,118.535,118.773
2015/2/17,118.447,119.404,118.236,119.23
2015/2/16,118.447,118.776,118.263,118.451
2015/2/13,119.092,119.195,118.415,118.749
2015/2/12,120.351,120.471,118.495,119.008
2015/2/11,119.456,120.473,119.289,120.406
2015/2/10,118.596,119.617,118.399,119.43
2015/2/9,119.002,119.11,118.328,118.62
2015/2/6,117.476,119.223,117.108,119.04
2015/2/5,117.251,117.597,117.014,117.496
2015/2/4,117.522,117.996,117.073,117.238
2015/2/3,117.559,117.742,116.866,117.523
2015/2/2,116.938,117.871,116.938,117.607
2015/1/30,118.308,118.46,117.292,117.562
2015/1/29,117.578,118.481,117.379,118.273
2015/1/28,117.778,118.263,117.253,117.543
2015/1/27,118.421,118.657,117.34,117.877
2015/1/26,117.469,118.496,117.264,118.444
2015/1/23,118.507,118.814,117.542,117.767
2015/1/22,117.91,118.672,117.235,118.509
2015/1/21,118.783,118.798,117.166,117.926
2015/1/20,117.595,118.868,117.565,118.744
2015/1/19,117.435,117.799,116.923,117.528
2015/1/16,116.044,117.76,115.851,117.48
2015/1/15,117.302,117.942,116.143,116.201
2015/1/14,117.861,117.964,116.068,117.346
2015/1/13,118.323,118.848,117.544,117.913
2015/1/12,118.308,119.321,118.092,118.344
2015/1/9,119.66,119.876,118.42,118.519
2015/1/8,119.21,119.964,119.157,119.65
2015/1/7,118.556,119.648,118.401,119.177
2015/1/6,119.613,119.619,118.038,118.411
2015/1/5,120.484,120.647,119.376,119.618
2015/1/2,119.719,120.74,119.707,120.451
2014/12/31,119.423,119.944,119.247,119.641
2014/12/30,120.658,120.688,118.857,119.465
2014/12/29,120.316,120.726,120.163,120.588
2014/12/26,120.129,120.463,120.114,120.383
2014/12/25,120.421,120.443,120.063,120.186
2014/12/24,120.688,120.758,120.28,120.446
2014/12/23,120.049,120.822,119.942,120.668
2014/12/22,119.506,120.085,119.306,120.027
2014/12/19,118.838,119.618,118.814,119.458
2014/12/18,118.633,119.311,118.239,118.819
2014/12/17,116.422,118.897,116.289,118.627
2014/12/16,117.867,117.998,115.561,116.388
2014/12/15,118.673,119.045,117.545,117.9
2014/12/12,118.804,119.204,118.036,118.808
2014/12/11,117.896,119.56,117.432,118.667
2014/12/10,119.666,119.913,117.69,117.813
2014/12/9,120.691,120.998,117.943,119.664
2014/12/8,121.581,121.852,120.195,120.739
2014/12/5,119.774,121.689,119.697,121.446
2014/12/4,119.78,120.243,119.343,119.748
2014/12/3,119.226,119.863,119.121,119.769
2014/12/2,118.337,119.289,118.221,119.218
2014/12/1,118.73,119.13,117.841,118.382
2014/11/28,117.714,118.77,117.714,118.608
2014/11/27,117.697,117.885,117.236,117.711
2014/11/26,117.96,117.96,117.438,117.719
2014/11/25,118.289,118.581,117.678,117.959
2014/11/24,117.885,118.482,117.582,118.245
2014/11/21,118.204,118.372,117.337,117.809
2014/11/20,117.914,118.975,117.742,118.217
2014/11/19,116.854,118.056,116.814,117.969
2014/11/18,116.679,117.048,116.319,116.855
2014/11/17,116.494,117.048,115.443,116.588
2014/11/14,115.785,116.828,115.724,116.315
2014/11/13,115.557,115.878,115.299,115.737
2014/11/12,115.719,115.998,114.877,115.451
2014/11/11,114.828,116.102,114.639,115.802
2014/11/10,114.486,114.907,113.853,114.825
2014/11/7,115.217,115.502,114.249,114.625
2014/11/6,114.655,115.519,114.05,115.129
2014/11/5,113.515,114.822,113.4,114.634
2014/11/4,113.955,113.976,113.167,113.599
2014/11/3,112.693,114.211,112.566,114.02
2014/10/31,109.235,112.476,109.173,112.314
2014/10/30,108.897,109.462,108.745,109.203
2014/10/29,108.159,108.962,107.941,108.917
2014/10/28,107.782,108.177,107.699,108.135
2014/10/27,108.233,108.244,107.599,107.796
2014/10/24,108.263,108.312,107.788,108.149
2014/10/23,107.126,108.353,107.107,108.226
2014/10/22,106.993,107.374,106.79,107.115
2014/10/21,106.975,107.008,106.243,107
2014/10/20,107.033,107.393,106.781,106.918
2014/10/17,106.316,106.945,106.135,106.883
2014/10/16,105.941,106.459,105.503,106.322
2014/10/15,107.071,107.49,105.161,105.932
2014/10/14,106.78,107.31,106.673,107.03
2014/10/13,107.534,107.571,106.773,106.857
2014/10/10,107.819,108.154,107.615,107.646
2014/10/9,108.101,108.32,107.525,107.823
2014/10/8,108.13,108.748,107.753,108.13
2014/10/7,108.795,109.231,107.822,108.028
2014/10/6,109.776,109.85,108.645,108.753
2014/10/3,108.42,109.9,108.353,109.782
2014/10/2,108.906,109.116,107.989,108.436
2014/10/1,109.635,110.091,108.887,108.894
2014/9/30,109.475,109.847,109.188,109.625
2014/9/29,109.294,109.748,109.134,109.47
2014/9/26,108.741,109.526,108.474,109.271
2014/9/25,109.006,109.37,108.526,108.723
2014/9/24,108.85,109.151,108.46,109.035
2014/9/23,108.817,108.988,108.251,108.833
2014/9/22,109,109.183,108.665,108.78
2014/9/19,108.715,109.465,108.594,109.061
2014/9/18,108.34,108.961,108.301,108.688
2014/9/17,107.121,108.385,107.095,108.313
2014/9/16,107.173,107.334,106.811,107.145
2014/9/15,107.267,107.365,107.009,107.17
2014/9/12,107.033,107.398,106.959,107.361
2014/9/11,106.808,107.197,106.627,107.082
2014/9/10,106.18,106.888,106.044,106.844
2014/9/9,106.042,106.461,105.947,106.187
2014/9/8,105.121,106.083,104.992,106.024
2014/9/5,105.249,105.708,104.644,105.086
2014/9/4,104.78,105.362,104.725,105.212
2014/9/3,105.089,105.309,104.74,104.774
2014/9/2,104.33,105.21,104.3,105.049
2014/9/1,104.15,104.344,104.104,104.333
2014/8/29,103.716,104.102,103.64,104.062
2014/8/28,103.852,103.921,103.555,103.733
2014/8/27,104.057,104.161,103.78,103.875
2014/8/26,104.042,104.168,103.759,104.052
2014/8/25,104.17,104.269,103.864,104.03
2014/8/22,103.815,104.189,103.509,103.877
2014/8/21,103.732,103.957,103.6,103.821
2014/8/20,102.902,103.842,102.89,103.756
